ID,Name,Suburb,Address,Cuisine,Phone,Website,EatClub URL,EatClub Slug,Happy Hour,Weekly Specials,Deals,First Table URL,Price Range,Image URLs,Opening Hours,Latitude,Longitude,Created At,Updated At
54,Zaiqah,Dickson,"21 Challis St, Dickson ACT 2602, Australia",,(02) 6112 8118,,https://eatclub.com.au/venue/zaiqah,,,,[object Object],,,https://eccdn.com.au/images/72705433-0C97-4A0F-A9E7-D53E92D0745C/72705433-0C97-4A0F-A9E7-D53E92D0745C_image_1_1762796030273.jpg; https://eatclub.com.au/_next/static/media/eatclub.305f8e86.svg; https://eccdn.com.au/images/72705433-0C97-4A0F-A9E7-D53E92D0745C/72705433-0C97-4A0F-A9E7-D53E92D0745C_image_4_1762796045371.jpg; https://eccdn.com.au/images/72705433-0C97-4A0F-A9E7-D53E92D0745C/72705433-0C97-4A0F-A9E7-D53E92D0745C_image_0_1762796015191.jpg; https://eccdn.com.au/images/72705433-0C97-4A0F-A9E7-D53E92D0745C/72705433-0C97-4A0F-A9E7-D53E92D0745C_image_3_1762796030273.jpg; https://eccdn.com.au/images/72705433-0C97-4A0F-A9E7-D53E92D0745C/72705433-0C97-4A0F-A9E7-D53E92D0745C_image_2_1762796030273.jpg,"{""friday"":""5:00 – 10:00 PM"",""monday"":""5:00 – 10:00 PM"",""sunday"":""5:00 – 10:00 PM"",""tuesday"":""5:00 – 10:00 PM"",""saturday"":""5:00 – 10:00 PM"",""thursday"":""5:00 – 10:00 PM"",""wednesday"":""5:00 – 10:00 PM""}",-35.2503201,149.1350387,2026-01-07T23:20:51.586Z,2026-01-08T00:57:10.954Z
92,Grease Monkey Braddon,Braddon,"19 Lonsdale St, Braddon ACT 2612, Australia",American,(02) 6174 1401,,https://eatclub.com.au/venue/grease-monkey-braddon,,[object Object],[object Object]; [object Object]; [object Object]; [object Object],[object Object]; [object Object],https://www.firsttable.com.au/restaurant/grease-monkey,$$,https://eccdn.com.au/images/0F92E179-D671-4922-9B1F-E15AE7602487/0F92E179-D671-4922-9B1F-E15AE7602487_image_2_1724848237719.jpg; https://eatclub.com.au/_next/static/media/eatclub.305f8e86.svg; https://eccdn.com.au/images/0F92E179-D671-4922-9B1F-E15AE7602487/0F92E179-D671-4922-9B1F-E15AE7602487_image_4_1724848237719.jpg; https://eccdn.com.au/images/0F92E179-D671-4922-9B1F-E15AE7602487/0F92E179-D671-4922-9B1F-E15AE7602487_image_3_1724848237719.jpg; https://eccdn.com.au/images/0F92E179-D671-4922-9B1F-E15AE7602487/0F92E179-D671-4922-9B1F-E15AE7602487_image_0_1724848188502.jpg; https://eccdn.com.au/images/0F92E179-D671-4922-9B1F-E15AE7602487/0F92E179-D671-4922-9B1F-E15AE7602487_image_1_1724848237719.jpg,"{""friday"":""11:00 AM – 9:30 PM"",""monday"":""11:00 AM – 9:30 PM"",""sunday"":""11:00 AM – 9:30 PM"",""tuesday"":""11:00 AM – 9:30 PM"",""saturday"":""11:00 AM – 9:30 PM"",""thursday"":""11:00 AM – 9:30 PM"",""wednesday"":""11:00 AM – 9:30 PM""}",-35.2729573,149.1326439,2026-01-07T23:20:53.853Z,2026-01-08T00:57:12.905Z
503,Caffe Cherry Beans - Erindale,Erindale,,,,,https://eatclub.com.au/venue/caffe-cherry-beans-erindale,,,,[object Object]; [object Object],,,https://eccdn.com.au/images/CD2B3B44-ACAB-4712-8EEE-2F7B4DCB446E/CD2B3B44-ACAB-4712-8EEE-2F7B4DCB446E_image_2_1764270837339.jpg; https://eatclub.com.au/_next/static/media/eatclub.305f8e86.svg; https://eccdn.com.au/images/CD2B3B44-ACAB-4712-8EEE-2F7B4DCB446E/CD2B3B44-ACAB-4712-8EEE-2F7B4DCB446E_image_4_1764270894657.jpg; https://eccdn.com.au/images/CD2B3B44-ACAB-4712-8EEE-2F7B4DCB446E/CD2B3B44-ACAB-4712-8EEE-2F7B4DCB446E_image_0_1764270837339.jpg; https://eccdn.com.au/images/CD2B3B44-ACAB-4712-8EEE-2F7B4DCB446E/CD2B3B44-ACAB-4712-8EEE-2F7B4DCB446E_image_1_1764270837339.jpg; https://eccdn.com.au/images/CD2B3B44-ACAB-4712-8EEE-2F7B4DCB446E/CD2B3B44-ACAB-4712-8EEE-2F7B4DCB446E_image_3_1764270869151.jpg,{},,,2026-01-07T23:21:18.525Z,2026-01-08T00:57:14.829Z
529,Masala Magic,Belconnen,,,,,https://eatclub.com.au/venue/masala-magic,,,,[object Object]; [object Object],,,https://eccdn.com.au/images/7E425466-A7D6-4948-BA15-04A4F3E844B3/7E425466-A7D6-4948-BA15-04A4F3E844B3_image_0_1761789233810.jpg; https://eatclub.com.au/_next/static/media/eatclub.305f8e86.svg; https://eccdn.com.au/images/7E425466-A7D6-4948-BA15-04A4F3E844B3/7E425466-A7D6-4948-BA15-04A4F3E844B3_image_4_1761789305812.jpg; https://eccdn.com.au/images/7E425466-A7D6-4948-BA15-04A4F3E844B3/7E425466-A7D6-4948-BA15-04A4F3E844B3_image_1_1761789305812.jpg; https://eccdn.com.au/images/7E425466-A7D6-4948-BA15-04A4F3E844B3/7E425466-A7D6-4948-BA15-04A4F3E844B3_image_2_1761789305812.jpg; https://eccdn.com.au/images/7E425466-A7D6-4948-BA15-04A4F3E844B3/7E425466-A7D6-4948-BA15-04A4F3E844B3_image_3_1761789305812.jpg,{},,,2026-01-07T23:21:20.093Z,2026-01-08T00:57:16.576Z
582,De Doughnut,Dickson,,,,,https://eatclub.com.au/venue/de-doughnut,,,,[object Object]; [object Object],,,https://eccdn.com.au/images/849E8F0E-D000-4038-BDE5-98BBFD27503A/849E8F0E-D000-4038-BDE5-98BBFD27503A_image_2_1757906051899.jpg; https://eatclub.com.au/_next/static/media/eatclub.305f8e86.svg; https://eccdn.com.au/images/849E8F0E-D000-4038-BDE5-98BBFD27503A/849E8F0E-D000-4038-BDE5-98BBFD27503A_image_1_1757905974016.jpg; https://eccdn.com.au/images/849E8F0E-D000-4038-BDE5-98BBFD27503A/849E8F0E-D000-4038-BDE5-98BBFD27503A_image_0_1757905974016.jpg; https://eccdn.com.au/images/849E8F0E-D000-4038-BDE5-98BBFD27503A/849E8F0E-D000-4038-BDE5-98BBFD27503A_image_4_1757906086804.jpg; https://eccdn.com.au/images/849E8F0E-D000-4038-BDE5-98BBFD27503A/849E8F0E-D000-4038-BDE5-98BBFD27503A_image_3_1757906051899.jpg,{},,,2026-01-07T23:21:23.265Z,2026-01-08T00:57:21.084Z
671,Zaab,Braddon,"2/9 Lonsdale St, Braddon ACT 2612, Australia",,(02) 6156 5638,,https://eatclub.com.au/venue/zaab,,,,[object Object],,$$,https://eccdn.com.au/images/CBEB1310-FCC6-4166-B4D8-21B1D6DF344A/CBEB1310-FCC6-4166-B4D8-21B1D6DF344A_image_0_1724809213709.jpg; https://eatclub.com.au/_next/static/media/eatclub.305f8e86.svg; https://eccdn.com.au/images/CBEB1310-FCC6-4166-B4D8-21B1D6DF344A/CBEB1310-FCC6-4166-B4D8-21B1D6DF344A_image_4_1724809234878.jpg; https://eccdn.com.au/images/CBEB1310-FCC6-4166-B4D8-21B1D6DF344A/CBEB1310-FCC6-4166-B4D8-21B1D6DF344A_image_1_1724809213709.jpg; https://eccdn.com.au/images/CBEB1310-FCC6-4166-B4D8-21B1D6DF344A/CBEB1310-FCC6-4166-B4D8-21B1D6DF344A_image_2_1724809213709.jpg; https://eccdn.com.au/images/CBEB1310-FCC6-4166-B4D8-21B1D6DF344A/CBEB1310-FCC6-4166-B4D8-21B1D6DF344A_image_3_1724809213709.jpg,"{""friday"":""12:00 – 3:00 PM, 5:00 – 10:30 PM"",""monday"":""5:00 – 10:00 PM"",""sunday"":""12:00 – 3:00 PM, 5:00 – 9:00 PM"",""tuesday"":""12:00 – 2:30 PM, 5:00 – 10:00 PM"",""saturday"":""12:00 – 3:00 PM, 5:00 – 10:30 PM"",""thursday"":""12:00 – 2:30 PM, 5:00 – 10:00 PM"",""wednesday"":""12:00 – 2:30 PM, 5:00 – 10:00 PM""}",-35.2747161,149.1323201,2026-01-07T23:21:28.792Z,2026-01-08T00:57:24.505Z
743,Thai Esan,Torrens,"Unit 1 & Unit 2/24 Torrens Pl, Torrens ACT 2607, Australia",Thai,0422 104 617,,https://eatclub.com.au/venue/thai-esan,,,,[object Object],,$$,https://eccdn.com.au/images/BA849959-B371-4563-81A3-EFFDD8A19946/BA849959-B371-4563-81A3-EFFDD8A19946_image_4_1764284150033.jpg; https://eatclub.com.au/_next/static/media/eatclub.305f8e86.svg; https://eccdn.com.au/images/BA849959-B371-4563-81A3-EFFDD8A19946/BA849959-B371-4563-81A3-EFFDD8A19946_image_4_1764274713632.jpg; https://eccdn.com.au/images/BA849959-B371-4563-81A3-EFFDD8A19946/BA849959-B371-4563-81A3-EFFDD8A19946_image_0_1764274182877.jpg; https://eccdn.com.au/images/BA849959-B371-4563-81A3-EFFDD8A19946/BA849959-B371-4563-81A3-EFFDD8A19946_image_1_1764274182877.jpg; https://eccdn.com.au/images/BA849959-B371-4563-81A3-EFFDD8A19946/BA849959-B371-4563-81A3-EFFDD8A19946_image_2_1764274182877.jpg,"{""friday"":""5:00 – 9:30 PM"",""monday"":""5:00 – 9:00 PM"",""sunday"":""5:00 – 9:00 PM"",""tuesday"":""5:00 – 9:00 PM"",""saturday"":""5:00 – 9:30 PM"",""thursday"":""5:00 – 9:00 PM"",""wednesday"":""5:00 – 9:00 PM""}",-35.3732101,149.0875119,2026-01-07T23:21:33.026Z,2026-01-08T00:57:27.550Z
947,BD DINE,Harrison,"82/170 Flemington Rd, Harrison ACT 2914, Australia",,0488 789 441,,https://eatclub.com.au/venue/bd-dine,,,,[object Object],,,https://eccdn.com.au/images/C27A8D5B-F20C-47EE-BBB6-2046786AC983/C27A8D5B-F20C-47EE-BBB6-2046786AC983_image_0_1764131075820.jpg; https://eatclub.com.au/_next/static/media/eatclub.305f8e86.svg; https://eccdn.com.au/images/C27A8D5B-F20C-47EE-BBB6-2046786AC983/C27A8D5B-F20C-47EE-BBB6-2046786AC983_image_1_1764131075820.jpg; https://eccdn.com.au/images/C27A8D5B-F20C-47EE-BBB6-2046786AC983/C27A8D5B-F20C-47EE-BBB6-2046786AC983_image_2_1764131167236.jpg; https://eccdn.com.au/images/C27A8D5B-F20C-47EE-BBB6-2046786AC983/C27A8D5B-F20C-47EE-BBB6-2046786AC983_image_3_1764131167236.jpg; https://eccdn.com.au/images/C27A8D5B-F20C-47EE-BBB6-2046786AC983/C27A8D5B-F20C-47EE-BBB6-2046786AC983_image_4_1764131167236.jpg,"{""friday"":""12:00 – 10:30 PM"",""monday"":""12:00 – 10:00 PM"",""sunday"":""9:30 AM – 10:00 PM"",""tuesday"":""12:00 – 10:00 PM"",""saturday"":""9:30 AM – 10:30 PM"",""thursday"":""12:00 – 10:00 PM"",""wednesday"":""12:00 – 10:00 PM""}",-35.2006911,149.1499219,2026-01-07T23:21:45.577Z,2026-01-08T00:57:33.327Z
1195,Queenies,Kingston,"26 Giles St, Kingston ACT 2604, Australia",,(02) 6174 4096,,https://eatclub.com.au/venue/queenies,,,,[object Object],,$$,https://eccdn.com.au/images/92E75C0B-3BAF-4B4C-9493-E67ACE734EA2/92E75C0B-3BAF-4B4C-9493-E67ACE734EA2_image_4_1727151592848.jpg; https://eatclub.com.au/_next/static/media/eatclub.305f8e86.svg; https://eccdn.com.au/images/92E75C0B-3BAF-4B4C-9493-E67ACE734EA2/92E75C0B-3BAF-4B4C-9493-E67ACE734EA2_image_3_1727151575450.jpg; https://eccdn.com.au/images/92E75C0B-3BAF-4B4C-9493-E67ACE734EA2/92E75C0B-3BAF-4B4C-9493-E67ACE734EA2_image_2_1727151575450.jpg; https://eccdn.com.au/images/92E75C0B-3BAF-4B4C-9493-E67ACE734EA2/92E75C0B-3BAF-4B4C-9493-E67ACE734EA2_image_0_1727151575450.jpg; https://eccdn.com.au/images/92E75C0B-3BAF-4B4C-9493-E67ACE734EA2/92E75C0B-3BAF-4B4C-9493-E67ACE734EA2_image_1_1727151575450.jpg,"{""friday"":""4:00 – 10:00 PM"",""monday"":""4:00 – 10:00 PM"",""sunday"":""4:00 – 10:00 PM"",""tuesday"":""4:00 – 10:00 PM"",""saturday"":""4:00 – 10:00 PM"",""thursday"":""4:00 – 10:00 PM"",""wednesday"":""4:00 – 10:00 PM""}",-35.3160092,149.1401557,2026-01-07T23:22:01.025Z,2026-01-08T00:57:41.007Z
1216,Asian Noodle House Woden,Phillip,"6 Launceston St, Phillip ACT 2606, Australia",Asian,(02) 6281 7001,,https://eatclub.com.au/venue/asian-noodle-house-woden,,,,[object Object]; [object Object],,$,https://eccdn.com.au/images/26466FAC-41F3-4D34-A46D-990430B5389B/26466FAC-41F3-4D34-A46D-990430B5389B_image_0_1762796584285.jpg; https://eatclub.com.au/_next/static/media/eatclub.305f8e86.svg; https://eccdn.com.au/images/26466FAC-41F3-4D34-A46D-990430B5389B/26466FAC-41F3-4D34-A46D-990430B5389B_image_4_1762796725217.jpg; https://eccdn.com.au/images/26466FAC-41F3-4D34-A46D-990430B5389B/26466FAC-41F3-4D34-A46D-990430B5389B_image_1_1762796614149.jpg; https://eccdn.com.au/images/26466FAC-41F3-4D34-A46D-990430B5389B/26466FAC-41F3-4D34-A46D-990430B5389B_image_2_1762796614149.jpg; https://eccdn.com.au/images/26466FAC-41F3-4D34-A46D-990430B5389B/26466FAC-41F3-4D34-A46D-990430B5389B_image_3_1762796614149.jpg,"{""friday"":""11:00 AM – 9:30 PM"",""monday"":""11:00 AM – 9:30 PM"",""sunday"":""5:00 – 9:00 PM"",""tuesday"":""11:00 AM – 9:30 PM"",""saturday"":""11:00 AM – 9:30 PM"",""thursday"":""11:00 AM – 9:30 PM"",""wednesday"":""11:00 AM – 9:30 PM""}",-35.3404234,149.0843245,2026-01-07T23:22:02.322Z,2026-01-08T00:57:45.698Z
190,Water's Edge Fine Dining Restaurant,Parkes,"40 Parkes Pl E, Parkes ACT 2600, Australia",,(02) 6273 5066,,https://eatclub.com.au/venue/water-s-edge-fine-dining-restaurant,,,,,,$$$$,https://www.watersedgecanberra.com.au/wp-content/uploads/2025/01/logocxv.png,"{""friday"":""12:00 – 3:00 PM, 6:00 – 9:30 PM"",""monday"":""6:00 – 9:30 PM"",""sunday"":""12:00 – 3:00 PM, 6:00 – 9:30 PM"",""tuesday"":""6:00 – 9:30 PM"",""saturday"":""12:00 – 3:00 PM, 6:00 – 9:30 PM"",""thursday"":""12:00 – 3:00 PM, 6:00 – 9:30 PM"",""wednesday"":""12:00 – 3:00 PM, 6:00 – 9:30 PM""}",-35.2970651,149.1338166,2026-01-07T23:20:59.748Z,2026-01-07T23:20:59.748Z
1219,Grease Monkey Belconnen,Belconnen,"Shop 332B, Westfield Belconnen, Level 3, Belconnen ACT 2617, Australia",American,(02) 6189 6050,,https://eatclub.com.au/venue/grease-monkey-belconnen,,[object Object],[object Object]; [object Object]; [object Object]; [object Object],[object Object]; [object Object]; [object Object],,,https://eccdn.com.au/images/2108CE8D-26BB-4A1E-B0D4-55DD4FA8A10F/2108CE8D-26BB-4A1E-B0D4-55DD4FA8A10F_image_3_1761810952262.jpg; https://eatclub.com.au/_next/static/media/eatclub.305f8e86.svg; https://eccdn.com.au/images/2108CE8D-26BB-4A1E-B0D4-55DD4FA8A10F/2108CE8D-26BB-4A1E-B0D4-55DD4FA8A10F_image_4_1761821734622.jpg; https://eccdn.com.au/images/2108CE8D-26BB-4A1E-B0D4-55DD4FA8A10F/2108CE8D-26BB-4A1E-B0D4-55DD4FA8A10F_image_0_1761810952262.jpg; https://eccdn.com.au/images/2108CE8D-26BB-4A1E-B0D4-55DD4FA8A10F/2108CE8D-26BB-4A1E-B0D4-55DD4FA8A10F_image_3_1761821513514.jpg; https://eccdn.com.au/images/2108CE8D-26BB-4A1E-B0D4-55DD4FA8A10F/2108CE8D-26BB-4A1E-B0D4-55DD4FA8A10F_image_2_1761821513514.jpg,"{""friday"":""11:00 AM – 9:30 PM"",""monday"":""11:00 AM – 9:30 PM"",""sunday"":""11:00 AM – 9:30 PM"",""tuesday"":""11:00 AM – 9:30 PM"",""saturday"":""11:00 AM – 9:30 PM"",""thursday"":""11:00 AM – 9:30 PM"",""wednesday"":""11:00 AM – 9:30 PM""}",-35.2376293,149.0646901,2026-01-07T23:22:02.523Z,2026-01-08T00:57:47.558Z
1229,Urban Pantry,Griffith,"5 Bougainville St, Griffith ACT 2603, Australia",,(02) 6162 3556,,https://eatclub.com.au/venue/urban-pantry,,,,[object Object],,$$,https://eccdn.com.au/images/0184DEA6-F053-42CC-9749-36E2CFC204CD/0184DEA6-F053-42CC-9749-36E2CFC204CD_image_0_1760344116063.jpg; https://eatclub.com.au/_next/static/media/eatclub.305f8e86.svg; https://eccdn.com.au/images/0184DEA6-F053-42CC-9749-36E2CFC204CD/0184DEA6-F053-42CC-9749-36E2CFC204CD_image_4_1760344222858.jpg; https://eccdn.com.au/images/0184DEA6-F053-42CC-9749-36E2CFC204CD/0184DEA6-F053-42CC-9749-36E2CFC204CD_image_3_1760394490269.jpg; https://eccdn.com.au/images/0184DEA6-F053-42CC-9749-36E2CFC204CD/0184DEA6-F053-42CC-9749-36E2CFC204CD_image_4_1760394490269.jpg; https://eccdn.com.au/images/0184DEA6-F053-42CC-9749-36E2CFC204CD/0184DEA6-F053-42CC-9749-36E2CFC204CD_image_4_1760394526445.jpg,"{""friday"":""5:30 AM – 3:00 PM"",""monday"":""5:30 AM – 2:30 PM"",""sunday"":""5:30 AM – 3:00 PM"",""tuesday"":""5:30 AM – 2:30 PM"",""saturday"":""5:30 AM – 3:00 PM"",""thursday"":""5:30 AM – 2:30 PM"",""wednesday"":""5:30 AM – 2:30 PM""}",-35.3207620,149.1324300,2026-01-07T23:22:03.162Z,2026-01-08T00:57:50.030Z
1307,WHITE CHACO,Braddon,"g10/27 Lonsdale St, Braddon ACT 2612, Australia",,0401 509 435,,https://eatclub.com.au/venue/white-chaco,,,,[object Object],,$$,https://eccdn.com.au/images/68B6BE03-E947-4752-9B92-799CAEE786C1/68B6BE03-E947-4752-9B92-799CAEE786C1_image_0_1727246406346.jpg; https://eatclub.com.au/_next/static/media/eatclub.305f8e86.svg; https://eccdn.com.au/images/68B6BE03-E947-4752-9B92-799CAEE786C1/68B6BE03-E947-4752-9B92-799CAEE786C1_image_4_1727743302525.jpg; https://eccdn.com.au/images/68B6BE03-E947-4752-9B92-799CAEE786C1/68B6BE03-E947-4752-9B92-799CAEE786C1_image_4_1727742744957.jpg; https://eccdn.com.au/images/68B6BE03-E947-4752-9B92-799CAEE786C1/68B6BE03-E947-4752-9B92-799CAEE786C1_image_2_1727246406346.jpg; https://eccdn.com.au/images/68B6BE03-E947-4752-9B92-799CAEE786C1/68B6BE03-E947-4752-9B92-799CAEE786C1_image_4_1727742880958.jpg,"{""friday"":""12:00 – 2:00 PM, 5:30 – 9:00 PM"",""monday"":""5:30 – 9:00 PM"",""sunday"":""12:00 – 2:00 PM, 5:30 – 9:00 PM"",""tuesday"":""5:30 – 9:00 PM"",""saturday"":""5:30 PM – 12:30 AM"",""thursday"":""12:00 – 2:00 PM, 5:30 – 9:00 PM"",""wednesday"":""5:30 – 9:00 PM""}",-35.2719619,149.1326108,2026-01-07T23:22:08.223Z,2026-01-08T00:57:59.129Z
1189,Rakkas,Kingston,"18/19 Eastlake Parade, Kingston ACT 2604, Australia",,(02) 6239 7378,,https://eatclub.com.au/venue/rakkas,,,,,,,https://eccdn.com.au/images/8E489252-F5DC-44EE-9EB8-3D6A7487F7A4/8E489252-F5DC-44EE-9EB8-3D6A7487F7A4_image_4_1727228174704.jpg; https://eccdn.com.au/images/8E489252-F5DC-44EE-9EB8-3D6A7487F7A4/8E489252-F5DC-44EE-9EB8-3D6A7487F7A4_image_4_1727233581884.jpg; https://eccdn.com.au/images/8E489252-F5DC-44EE-9EB8-3D6A7487F7A4/8E489252-F5DC-44EE-9EB8-3D6A7487F7A4_image_1_1727228078404.jpg; https://eccdn.com.au/images/8E489252-F5DC-44EE-9EB8-3D6A7487F7A4/8E489252-F5DC-44EE-9EB8-3D6A7487F7A4_image_2_1727228078404.jpg; https://eccdn.com.au/images/8E489252-F5DC-44EE-9EB8-3D6A7487F7A4/8E489252-F5DC-44EE-9EB8-3D6A7487F7A4_image_3_1727228078404.jpg,"{""friday"":""12:00 – 2:30 PM, 5:30 – 10:00 PM"",""monday"":""CLOSED"",""sunday"":""CLOSED"",""tuesday"":""12:00 – 2:30 PM, 5:30 – 9:00 PM"",""saturday"":""12:00 – 2:30 PM, 5:30 – 10:00 PM"",""thursday"":""12:00 – 2:30 PM, 5:30 – 9:00 PM"",""wednesday"":""12:00 – 2:30 PM, 5:30 – 9:00 PM""}",-35.3110441,149.1457186,2026-01-07T23:22:00.661Z,2026-01-08T00:58:09.933Z
91,Mama's Trattoria,Canberra,"Shop 4/45 W Row, Canberra ACT 2601, Australia",Italian,(02) 6248 0936,,https://eatclub.com.au/venue/mama-s-trattoria,,,,,,$$,,"{""friday"":""11:30 AM – 3:00 PM, 5:00 – 9:30 PM"",""monday"":""11:30 AM – 3:00 PM, 5:00 – 9:00 PM"",""sunday"":""CLOSED"",""tuesday"":""11:30 AM – 3:00 PM, 5:00 – 9:00 PM"",""saturday"":""5:00 – 9:30 PM"",""thursday"":""11:30 AM – 3:00 PM, 5:00 – 9:30 PM"",""wednesday"":""11:30 AM – 3:00 PM, 5:00 – 9:00 PM""}",-35.2787556,149.1279101,2026-01-07T23:20:53.796Z,2026-01-08T01:30:51.825Z
1255,Mochachos Kingston,Kingston,"34 Eyre St, Kingston ACT 2604, Australia",,(02) 6128 0743,,https://eatclub.com.au/venue/mochachos-kingston,,,,[object Object]; [object Object],,,https://eccdn.com.au/images/B9E809FA-2A28-4651-AFD7-5C0471AE399B/B9E809FA-2A28-4651-AFD7-5C0471AE399B_image_3_1727190678846.jpg; https://eccdn.com.au/images/B9E809FA-2A28-4651-AFD7-5C0471AE399B/B9E809FA-2A28-4651-AFD7-5C0471AE399B_image_4_1727190699592.jpg; https://eccdn.com.au/images/B9E809FA-2A28-4651-AFD7-5C0471AE399B/B9E809FA-2A28-4651-AFD7-5C0471AE399B_image_0_1727190678846.jpg; https://eccdn.com.au/images/B9E809FA-2A28-4651-AFD7-5C0471AE399B/B9E809FA-2A28-4651-AFD7-5C0471AE399B_image_2_1727190678846.jpg; https://eccdn.com.au/images/B9E809FA-2A28-4651-AFD7-5C0471AE399B/B9E809FA-2A28-4651-AFD7-5C0471AE399B_image_1_1727190678846.jpg,"{""friday"":""10:00 AM – 9:00 PM"",""monday"":""10:00 AM – 9:00 PM"",""sunday"":""10:00 AM – 9:00 PM"",""tuesday"":""10:00 AM – 9:00 PM"",""saturday"":""10:00 AM – 9:00 PM"",""thursday"":""10:00 AM – 9:00 PM"",""wednesday"":""10:00 AM – 9:00 PM""}",-35.3163399,149.1427564,2026-01-07T23:22:04.834Z,2026-01-08T01:39:42.073Z
293,BlackFire Restaurant Canberra,Braddon,"45/38 Mort St, Braddon ACT 2612, Australia",,(02) 6230 5921,,https://eatclub.com.au/venue/blackfire-restaurant-canberra,,,,,,$$$,,"{""friday"":""12:00 – 2:00 PM, 5:30 – 9:00 PM"",""monday"":""12:00 – 2:00 PM, 5:30 – 9:00 PM"",""sunday"":""9:00 AM – 2:00 PM, 5:30 – 9:00 PM"",""tuesday"":""12:00 – 2:00 PM, 5:30 – 9:00 PM"",""saturday"":""9:00 AM – 2:00 PM, 5:30 – 9:00 PM"",""thursday"":""12:00 – 2:00 PM, 5:30 – 9:00 PM"",""wednesday"":""12:00 – 2:00 PM, 5:30 – 9:00 PM""}",-35.2730160,149.1317587,2026-01-07T23:21:05.919Z,2026-01-08T00:52:44.425Z
397,The Mustang Nepalese Restaurant & Bar,Farrer,"4 Farrer Pl, Farrer ACT 2607, Australia",Asian,(02) 6286 8088,,https://eatclub.com.au/venue/the-mustang-nepalese-restaurant-bar,,,,,,$$,,"{""friday"":""5:00 – 9:00 PM"",""monday"":""5:00 – 9:00 PM"",""sunday"":""5:00 – 9:00 PM"",""tuesday"":""5:00 – 9:00 PM"",""saturday"":""5:00 – 9:00 PM"",""thursday"":""5:00 – 9:00 PM"",""wednesday"":""5:00 – 9:00 PM""}",-35.3754303,149.1015385,2026-01-07T23:21:12.233Z,2026-01-08T00:53:13.922Z
451,GravyT,Phillip,"T1 C02/6 Furzer St, Phillip ACT 2606, Australia",,(02) 5115 0770,,https://eatclub.com.au/venue/gravyt-indo-mexican,,,,[object Object],,,http://54.252.51.138/wp-content/uploads/2025/09/GravyT_why-choose-us.jpg,"{""friday"":""11:00 AM – 9:00 PM"",""monday"":""11:00 AM – 9:00 PM"",""sunday"":""11:00 AM – 9:00 PM"",""tuesday"":""11:00 AM – 9:00 PM"",""saturday"":""11:00 AM – 9:00 PM"",""thursday"":""11:00 AM – 9:00 PM"",""wednesday"":""11:00 AM – 9:00 PM""}",-35.3409183,149.0837085,2026-01-07T23:21:15.462Z,2026-01-07T23:21:15.462Z
497,The Valley Pub,Wanniassa,,,,,https://eatclub.com.au/venue/the-valley-pub,,,,[object Object],,,,{},,,2026-01-07T23:21:18.175Z,2026-01-08T00:53:39.477Z
519,Sammy's Diner,Belconnen,,,,,https://eatclub.com.au/venue/sammy-s-diner,,,,[object Object],,,,{},,,2026-01-07T23:21:19.513Z,2026-01-07T23:21:19.513Z
532,Vanilla Pod Pizza & Pasta Bar Kingston,Kingston,"35 Kennedy St, Kingston ACT 2604, Australia",Italian,(02) 6162 1122,,https://eatclub.com.au/venue/vanilla-pod-pizza-pasta-bar-kingston,,,,[object Object],,$$,https://vanillapodkingston.com.au/wp-content/uploads/2024/07/beeflasagne-scaled-1-1024x683.jpeg,"{""friday"":""7:00 AM – 9:30 PM"",""monday"":""7:00 AM – 9:00 PM"",""sunday"":""7:00 AM – 9:00 PM"",""tuesday"":""7:00 AM – 9:00 PM"",""saturday"":""7:00 AM – 9:30 PM"",""thursday"":""7:00 AM – 9:00 PM"",""wednesday"":""7:00 AM – 9:00 PM""}",-35.3166583,149.1413083,2026-01-07T23:21:20.275Z,2026-01-07T23:21:20.275Z
538,Canberra Cafe & Burgers - Greenway,Greenway,,,,,https://eatclub.com.au/venue/canberra-cafe-burgers-greenway,,,,[object Object],,,,{},,,2026-01-07T23:21:20.648Z,2026-01-07T23:21:20.648Z
540,Oscy's Burgers - Greenway,Greenway,,,,,https://eatclub.com.au/venue/oscy-s-burgers-greenway,,,,[object Object],,,,{},,,2026-01-07T23:21:20.753Z,2026-01-07T23:21:20.753Z
564,EQ Cafe & Bakehouse - Gungahlin,Gungahlin,,,,,https://eatclub.com.au/venue/eq-cafe-bakehouse-gungahlin,,,,[object Object],,,,{},,,2026-01-07T23:21:22.204Z,2026-01-07T23:21:22.204Z
579,Ken Behrens Cafe & Burgers Erindale,Wanniassa,"2/33 Gartside St, Wanniassa ACT 2903, Australia",Cafe,0414 791 794,,https://eatclub.com.au/venue/ken-behrens-cafe-burgers-erindale,,,,[object Object],,,,"{""friday"":""5:00 – 9:30 PM"",""monday"":""5:00 – 9:00 PM"",""sunday"":""5:00 – 9:00 PM"",""tuesday"":""5:00 – 9:00 PM"",""saturday"":""5:00 – 9:00 PM"",""thursday"":""5:00 – 9:00 PM"",""wednesday"":""5:00 – 9:00 PM""}",-35.4052932,149.1001562,2026-01-07T23:21:23.094Z,2026-01-07T23:21:23.094Z
613,Wonderburger,Kingston,"9/34 Eyre St, Kingston ACT 2604, Australia",,,,https://eatclub.com.au/venue/wonderburger,,,,,,,,"{""friday"":""11:00 AM – 9:00 PM"",""monday"":""11:00 AM – 9:00 PM"",""sunday"":""11:00 AM – 9:00 PM"",""tuesday"":""11:00 AM – 9:00 PM"",""saturday"":""11:00 AM – 9:00 PM"",""thursday"":""11:00 AM – 9:00 PM"",""wednesday"":""11:00 AM – 9:00 PM""}",-35.3166282,149.1425817,2026-01-07T23:21:25.215Z,2026-01-08T00:54:02.653Z
688,Vanilla Pod Pizza & Pasta Bar Belconnen,Belconnen,"10 Market St, Belconnen ACT 2617, Australia","Italian, Pizza",(02) 6193 8941,,https://eatclub.com.au/venue/vanilla-pod-pizza-pasta-bar-belconnen,,,,[object Object],,$$,https://vanillapodbelco.com/wp-content/uploads/2024/07/bg.jpg,"{""friday"":""8:00 AM – 9:00 PM"",""monday"":""8:00 AM – 9:00 PM"",""sunday"":""8:00 AM – 9:00 PM"",""tuesday"":""8:00 AM – 9:00 PM"",""saturday"":""8:00 AM – 9:00 PM"",""thursday"":""8:00 AM – 9:00 PM"",""wednesday"":""8:00 AM – 9:00 PM""}",-35.2451994,149.0657906,2026-01-07T23:21:29.763Z,2026-01-07T23:21:29.763Z
769,Tap & Toss,Greenway,"Shop 5/38 Reed St N, Greenway ACT 2900, Australia",,0452 452 997,,https://eatclub.com.au/venue/tap-toss,,,,,,,,"{""friday"":""5:00 – 9:00 PM"",""monday"":""CLOSED"",""sunday"":""5:00 – 9:00 PM"",""tuesday"":""5:00 – 9:00 PM"",""saturday"":""5:00 – 9:00 PM"",""thursday"":""5:00 – 9:00 PM"",""wednesday"":""5:00 – 9:00 PM""}",-35.4191049,149.0653445,2026-01-07T23:21:34.629Z,2026-01-07T23:21:34.629Z
861,Romanée wine bar,Braddon,"16 Lonsdale St, Braddon ACT 2612, Australia",,0415 150 598,,https://eatclub.com.au/venue/roman-e-wine-bar,,,,,,,,"{""friday"":""4:00 PM – 12:00 AM"",""monday"":""CLOSED"",""sunday"":""CLOSED"",""tuesday"":""CLOSED"",""saturday"":""4:00 PM – 12:00 AM"",""thursday"":""4:00 – 11:30 PM"",""wednesday"":""CLOSED""}",-35.2739229,149.1331242,2026-01-07T23:21:40.168Z,2026-01-08T00:55:05.788Z
908,Diplomat Bar & Grill,Griffith,"Hotel, 2 Hely St, Griffith ACT 2603, Australia",American,(02) 6295 2277,,https://eatclub.com.au/venue/diplomat-bar-grill,,,,,,,https://diplomat.ramadacanberra.com.au/wp-content/uploads/2025/04/bar-3.jpg,"{""friday"":""7:00 – 10:00 AM, 5:00 – 9:00 PM"",""monday"":""7:00 – 10:00 AM, 5:00 – 9:00 PM"",""sunday"":""7:00 – 10:00 AM, 5:00 – 9:00 PM"",""tuesday"":""7:00 – 10:00 AM, 5:00 – 9:00 PM"",""saturday"":""7:00 – 10:00 AM, 5:00 – 9:00 PM"",""thursday"":""7:00 – 10:00 AM, 5:00 – 9:00 PM"",""wednesday"":""7:00 – 10:00 AM, 5:00 – 9:00 PM""}",-35.3224856,149.1482214,2026-01-07T23:21:42.968Z,2026-01-07T23:21:42.968Z
946,Pho @ Dickson,Dickson,"14 Woolley St, Dickson ACT 2602, Australia","Vietnamese, Asian",(02) 6162 1718,,https://eatclub.com.au/venue/pho-dickson,,,,,,$,https://phoatdickson.yumbojumbo.com.au/thumbnails/store/logo/200/pho/pho-at-dickson.png?v=1758684703,"{""friday"":""11:00 AM – 3:00 PM, 5:00 – 9:00 PM"",""monday"":""11:00 AM – 3:00 PM, 5:00 – 9:00 PM"",""sunday"":""11:00 AM – 3:00 PM, 5:00 – 9:00 PM"",""tuesday"":""11:00 AM – 3:00 PM, 5:00 – 9:00 PM"",""saturday"":""11:00 AM – 3:00 PM, 5:00 – 9:00 PM"",""thursday"":""CLOSED"",""wednesday"":""11:00 AM – 3:00 PM, 5:00 – 9:00 PM""}",-35.2504840,149.1368887,2026-01-07T23:21:45.519Z,2026-01-07T23:21:45.519Z
949,Lazy Su,Braddon,"1/9 Lonsdale St, Braddon ACT 2612, Australia",,(02) 5662 0820,,https://eatclub.com.au/venue/lazy-su,,,,,,$$,http://static1.squarespace.com/static/63f6c6307b2f4827cc39de41/t/6481626175f60206324ab7d5/1686200929991/LAZY-SU_BRANDMARK_RGB_PRIMARY.png?format=1500w; https://lh3.googleusercontent.com/places/ANXAkqExYWE0JQ3hUqbV4oQNZ6xD-_CDTgLZL34lF46hr8uPdjuRKwsY7Vz3pOdLnbRVHyxstRo0oZCeOoASxkjYLknBoSEC3tR72aI=s4800-h768; https://eatclub.com.au/_next/static/media/eatclub.305f8e86.svg; https://lh3.googleusercontent.com/places/ANXAkqFTtVKZooYHb6cTeAo8sUzGDOE84HatSCTrniUjSUwYRakGiRnqNUbpL8vjqDRPjwygQ1IWfooE2XQ209aQTdJ_izOxKidhOfE=s4800-h768; https://lh3.googleusercontent.com/places/ANXAkqEvsacmzVVqj9n_KShwctgRUNgz8A-r3YQVKFLQeggF7wW5IyH-izalggOHawHF9trK6uX6K8PXlLz33kWN83aJOOJdaYqlnuA=s4800-h768; https://lh3.googleusercontent.com/places/ANXAkqGJiNQEaM7fgEaDHaKezrn337fAd7gTZC56Hd9Z5AmTMzQH_G4Md2LckuzQg-G56dUt--W0l2GhbZAxAoR5yJLw2-37CrFf81c=s4800-h768; https://lh3.googleusercontent.com/places/ANXAkqGeVb2V65yh-EH1Nttv26irvjSUbiQ15YD5DInEvtacPSbGOGqyqLDtOmWHv8lksbW6zUnlQfUZyWhyobLzPKX59Xf2QNTp1DI=s4800-h768,"{""friday"":""12:00 – 10:00 PM"",""monday"":""5:00 – 10:00 PM"",""sunday"":""12:00 – 10:00 PM"",""tuesday"":""5:00 – 10:00 PM"",""saturday"":""12:00 – 10:00 PM"",""thursday"":""5:00 – 10:00 PM"",""wednesday"":""5:00 – 10:00 PM""}",-35.2747558,149.1323467,2026-01-07T23:21:45.691Z,2026-01-08T00:17:30.280Z
1001,Friends & Momos Gungahlin,Gungahlin,"Shop 109/43 Hibberson St, Gungahlin ACT 2912, Australia",,0435 699 099,,https://eatclub.com.au/venue/friends-momos-gungahlin,,,,[object Object],,,,"{""friday"":""11:00 AM – 9:30 PM"",""monday"":""11:00 AM – 9:30 PM"",""sunday"":""11:00 AM – 9:30 PM"",""tuesday"":""11:00 AM – 9:30 PM"",""saturday"":""11:00 AM – 9:30 PM"",""thursday"":""11:00 AM – 9:30 PM"",""wednesday"":""11:00 AM – 9:30 PM""}",-35.1852985,149.1352530,2026-01-07T23:21:48.806Z,2026-01-07T23:21:48.806Z
1007,Tomo Tomo,Canberra,"Shop 2/34 Marcus Clarke St, Canberra ACT 2601, Australia",,0405 715 727,,https://eatclub.com.au/venue/tomo-tomo,,,,,,,,"{""friday"":""10:00 AM – 9:00 PM"",""monday"":""10:00 AM – 9:00 PM"",""sunday"":""CLOSED"",""tuesday"":""10:00 AM – 9:00 PM"",""saturday"":""CLOSED"",""thursday"":""10:00 AM – 9:00 PM"",""wednesday"":""10:00 AM – 9:00 PM""}",-35.2793651,149.1259152,2026-01-07T23:21:49.183Z,2026-01-08T00:55:40.550Z
1049,Brew & Crust,Griffith,,,,,https://eatclub.com.au/venue/brew-crust,,,,[object Object],,,,{},,,2026-01-07T23:21:51.744Z,2026-01-08T00:55:48.278Z
1051,Country Oven,Griffith,,,,,https://eatclub.com.au/venue/country-oven-mandi-biryani-indian-restaurant,,,,[object Object],,,,{},,,2026-01-07T23:21:51.882Z,2026-01-08T00:55:48.498Z
1060,EQ Cafe & Bakehouse - Deakin,Deakin,,,,,https://eatclub.com.au/venue/eq-cafe-bakehouse-deakin,,,,[object Object],,,,{},,,2026-01-07T23:21:52.441Z,2026-01-07T23:21:52.441Z
1062,Cafe Gather,Braddon,,,,,https://eatclub.com.au/venue/cafe-gather,,,,[object Object]; [object Object],,,https://eccdn.com.au/images/F58E87DB-692E-4800-B920-2A548137EBC7/F58E87DB-692E-4800-B920-2A548137EBC7_image_1_1761901234663.jpg; https://eatclub.com.au/_next/static/media/eatclub.305f8e86.svg; https://eccdn.com.au/images/F58E87DB-692E-4800-B920-2A548137EBC7/F58E87DB-692E-4800-B920-2A548137EBC7_image_4_1761901340374.jpg; https://eccdn.com.au/images/F58E87DB-692E-4800-B920-2A548137EBC7/F58E87DB-692E-4800-B920-2A548137EBC7_image_4_1762116588083.jpg; https://eccdn.com.au/images/F58E87DB-692E-4800-B920-2A548137EBC7/F58E87DB-692E-4800-B920-2A548137EBC7_image_4_1762116601756.jpg; https://eccdn.com.au/images/F58E87DB-692E-4800-B920-2A548137EBC7/F58E87DB-692E-4800-B920-2A548137EBC7_image_4_1762116716536.jpg,{},,,2026-01-07T23:21:52.564Z,2026-01-08T00:17:51.462Z
1069,Cafe June - Braddon,Braddon,,,,,https://eatclub.com.au/venue/cafe-june-braddon,,,,[object Object],,,,{},,,2026-01-07T23:21:53.005Z,2026-01-07T23:21:53.005Z
1068,On Lonsdale,Braddon,,,,,https://eatclub.com.au/venue/on-lonsdale,,,,[object Object]; [object Object],,,https://eccdn.com.au/images/5313046E-2BFA-465B-A020-A2CA98E8E536/5313046E-2BFA-465B-A020-A2CA98E8E536_image_2_1729586718279.jpg; https://eatclub.com.au/_next/static/media/eatclub.305f8e86.svg,{},,,2026-01-07T23:21:52.936Z,2026-01-08T00:17:56.511Z
1074,El Pan - Dickson,Dickson,,,,,https://eatclub.com.au/venue/el-pan-dickson,,,,[object Object]; [object Object],,,https://eccdn.com.au/images/ACB1344E-2BDD-44DD-A273-52B91167B5AB/ACB1344E-2BDD-44DD-A273-52B91167B5AB_image_3_1756357081622.jpg; https://eatclub.com.au/_next/static/media/eatclub.305f8e86.svg; https://eccdn.com.au/images/ACB1344E-2BDD-44DD-A273-52B91167B5AB/ACB1344E-2BDD-44DD-A273-52B91167B5AB_image_4_1756900182.jpg; https://eccdn.com.au/images/ACB1344E-2BDD-44DD-A273-52B91167B5AB/ACB1344E-2BDD-44DD-A273-52B91167B5AB_image_0_1754222520.jpg; https://eccdn.com.au/images/ACB1344E-2BDD-44DD-A273-52B91167B5AB/ACB1344E-2BDD-44DD-A273-52B91167B5AB_image_2_1754222520.jpg; https://eccdn.com.au/images/ACB1344E-2BDD-44DD-A273-52B91167B5AB/ACB1344E-2BDD-44DD-A273-52B91167B5AB_image_3_1756900182.jpg,{},,,2026-01-07T23:21:53.312Z,2026-01-08T00:17:59.208Z
1075,Trev’s Restaurant and Cafe,Dickson,"20 Challis St, Dickson ACT 2602, Australia",Cafe,0406 369 224,,https://eatclub.com.au/venue/trev-s-restaurant-and-cafe,,,,[object Object],,$$,https://www.trevsatdickson.com.au/wp-content/uploads/2016/02/TasteCollective.jpg,"{""friday"":""8:00 AM – 2:30 PM, 5:30 – 9:30 PM"",""monday"":""CLOSED"",""sunday"":""8:30 AM – 2:00 PM"",""tuesday"":""8:00 AM – 2:30 PM, 6:00 – 9:00 PM"",""saturday"":""8:30 AM – 2:00 PM, 5:30 – 9:30 PM"",""thursday"":""8:00 AM – 2:30 PM, 6:00 – 9:00 PM"",""wednesday"":""8:00 AM – 2:30 PM, 6:00 – 9:00 PM""}",-35.2499387,149.1357310,2026-01-07T23:21:53.368Z,2026-01-07T23:21:53.368Z
1194,Braddon Merchant,Braddon,"1 Elouera St, Braddon ACT 2612, Australia",,(02) 6220 0401,,https://eatclub.com.au/venue/braddon-merchant,,,,[object Object],,,https://www.braddonmerchant.com.au/resourcefiles/homeimages/obs-home-hero-5.jpg?version=12032025031203; https://eccdn.com.au/images/077DB267-0979-4770-9AC8-C18C49395DB9/077DB267-0979-4770-9AC8-C18C49395DB9_image_1_1724945183488.jpg; https://eatclub.com.au/_next/static/media/eatclub.305f8e86.svg; https://eccdn.com.au/images/077DB267-0979-4770-9AC8-C18C49395DB9/077DB267-0979-4770-9AC8-C18C49395DB9_image_4_1724945242120.jpg; https://eccdn.com.au/images/077DB267-0979-4770-9AC8-C18C49395DB9/077DB267-0979-4770-9AC8-C18C49395DB9_image_0_1724945183488.jpg; https://eccdn.com.au/images/077DB267-0979-4770-9AC8-C18C49395DB9/077DB267-0979-4770-9AC8-C18C49395DB9_image_2_1724945183488.jpg; https://eccdn.com.au/images/077DB267-0979-4770-9AC8-C18C49395DB9/077DB267-0979-4770-9AC8-C18C49395DB9_image_3_1724945183488.jpg,"{""friday"":""6:30 – 10:30 AM, 12:00 – 9:00 PM"",""monday"":""6:30 – 10:30 AM, 12:00 – 9:00 PM"",""sunday"":""6:30 – 10:30 AM, 12:00 – 3:00 PM"",""tuesday"":""6:30 – 10:30 AM, 12:00 – 9:00 PM"",""saturday"":""6:30 – 10:30 AM, 12:00 – 9:00 PM"",""thursday"":""6:30 – 10:30 AM, 12:00 – 9:00 PM"",""wednesday"":""6:30 – 10:30 AM, 12:00 – 9:00 PM""}",-35.2728977,149.1308452,2026-01-07T23:22:00.957Z,2026-01-08T00:18:06.700Z
1201,Senn Noods,Braddon,"Unit G02/27 Lonsdale St, Braddon ACT 2612, Australia",,0493 802 597,,https://eatclub.com.au/venue/senn-noods,,,,[object Object],,,https://eccdn.com.au/images/3A494285-8E0C-4D40-B64A-6711C602250F/3A494285-8E0C-4D40-B64A-6711C602250F_image_0_1724810434458.jpg; https://eatclub.com.au/_next/static/media/eatclub.305f8e86.svg; https://eccdn.com.au/images/3A494285-8E0C-4D40-B64A-6711C602250F/3A494285-8E0C-4D40-B64A-6711C602250F_image_2_1724810434458.jpg; https://eccdn.com.au/images/3A494285-8E0C-4D40-B64A-6711C602250F/3A494285-8E0C-4D40-B64A-6711C602250F_image_1_1724810434458.jpg; https://eccdn.com.au/images/3A494285-8E0C-4D40-B64A-6711C602250F/3A494285-8E0C-4D40-B64A-6711C602250F_image_4_1724810468554.jpg; https://eccdn.com.au/images/3A494285-8E0C-4D40-B64A-6711C602250F/3A494285-8E0C-4D40-B64A-6711C602250F_image_3_1724810434458.jpg,"{""friday"":""11:30 AM – 11:00 PM"",""monday"":""11:30 AM – 9:30 PM"",""sunday"":""11:30 AM – 9:30 PM"",""tuesday"":""11:30 AM – 9:30 PM"",""saturday"":""11:30 AM – 11:00 PM"",""thursday"":""11:30 AM – 9:30 PM"",""wednesday"":""11:30 AM – 9:30 PM""}",-35.2721407,149.1325041,2026-01-07T23:22:01.391Z,2026-01-08T00:18:13.030Z
1215,Fonda Mexican Canberra,Canberra,"Shop FG10/148 Bunda St, Canberra ACT 2601, Australia",Mexican,(02) 5135 6119,,https://eatclub.com.au/venue/fonda-mexican-canberra,,,,[object Object]; [object Object],,,https://fondamexican.com.au/wp-content/uploads/2025/02/FONDA_lunch-club-1.jpg; https://eccdn.com.au/images/41387BA8-3F63-4A34-96FD-3EC08FCA8F3D/41387BA8-3F63-4A34-96FD-3EC08FCA8F3D_image_0_1748495346109.jpg; https://eatclub.com.au/_next/static/media/eatclub.305f8e86.svg; https://eccdn.com.au/images/41387BA8-3F63-4A34-96FD-3EC08FCA8F3D/41387BA8-3F63-4A34-96FD-3EC08FCA8F3D_image_4_1748495464659.jpg; https://eccdn.com.au/images/41387BA8-3F63-4A34-96FD-3EC08FCA8F3D/41387BA8-3F63-4A34-96FD-3EC08FCA8F3D_image_1_1748495346109.jpg; https://eccdn.com.au/images/41387BA8-3F63-4A34-96FD-3EC08FCA8F3D/41387BA8-3F63-4A34-96FD-3EC08FCA8F3D_image_2_1748495346109.jpg; https://eccdn.com.au/images/41387BA8-3F63-4A34-96FD-3EC08FCA8F3D/41387BA8-3F63-4A34-96FD-3EC08FCA8F3D_image_3_1748495346109.jpg,"{""friday"":""12:00 – 9:00 PM"",""monday"":""12:00 – 8:30 PM"",""sunday"":""12:00 – 8:30 PM"",""tuesday"":""12:00 – 8:30 PM"",""saturday"":""12:00 – 9:00 PM"",""thursday"":""12:00 – 9:00 PM"",""wednesday"":""12:00 – 8:30 PM""}",-35.2776015,149.1323354,2026-01-07T23:22:02.253Z,2026-01-08T00:18:21.170Z
1217,Little Bhutan,Isaacs,"6 Farr Pl, Isaacs ACT 2607, Australia",,(02) 6273 2412,,https://eatclub.com.au/venue/little-bhutan,,,,[object Object],,,https://eccdn.com.au/images/0AB31331-CEF1-4F04-BE17-F082DC0AB6BA/0AB31331-CEF1-4F04-BE17-F082DC0AB6BA_image_1_1764191795710.jpg; https://eatclub.com.au/_next/static/media/eatclub.305f8e86.svg; https://eccdn.com.au/images/0AB31331-CEF1-4F04-BE17-F082DC0AB6BA/0AB31331-CEF1-4F04-BE17-F082DC0AB6BA_image_4_1764192256226.jpg; https://eccdn.com.au/images/0AB31331-CEF1-4F04-BE17-F082DC0AB6BA/0AB31331-CEF1-4F04-BE17-F082DC0AB6BA_image_2_1764192045876.jpg; https://eccdn.com.au/images/0AB31331-CEF1-4F04-BE17-F082DC0AB6BA/0AB31331-CEF1-4F04-BE17-F082DC0AB6BA_image_3_1764192164510.jpg; https://eccdn.com.au/images/0AB31331-CEF1-4F04-BE17-F082DC0AB6BA/0AB31331-CEF1-4F04-BE17-F082DC0AB6BA_image_1_1764191992176.jpg,"{""friday"":""12:00 – 2:30 PM, 4:00 – 8:30 PM"",""monday"":""4:00 – 8:30 PM"",""sunday"":""12:00 – 9:00 PM"",""tuesday"":""4:00 – 8:30 PM"",""saturday"":""12:00 – 9:00 PM"",""thursday"":""4:00 – 8:30 PM"",""wednesday"":""4:00 – 8:30 PM""}",-35.3679298,149.1119342,2026-01-07T23:22:02.397Z,2026-01-08T00:18:24.309Z
1220,The Italian Place Enoteca,Braddon,"38 Mort St, Braddon ACT 2612, Australia",Italian,(02) 6179 8812,,https://eatclub.com.au/venue/the-italian-place-enoteca,,,,[object Object],,$$,http://static1.squarespace.com/static/61494a5b70ba0a2ba30f4d14/t/614c14973849b54d902c73d2/1704860452333/TIP-Enoteca-Logo-Mono.png?format=1500w; https://eccdn.com.au/images/4F9EE1BE-AEE6-4B98-A26D-00FE1C8E956C/4F9EE1BE-AEE6-4B98-A26D-00FE1C8E956C_image_0_1724846296013.jpg; https://eatclub.com.au/_next/static/media/eatclub.305f8e86.svg; https://eccdn.com.au/images/4F9EE1BE-AEE6-4B98-A26D-00FE1C8E956C/4F9EE1BE-AEE6-4B98-A26D-00FE1C8E956C_image_4_1724846327830.jpg; https://eccdn.com.au/images/4F9EE1BE-AEE6-4B98-A26D-00FE1C8E956C/4F9EE1BE-AEE6-4B98-A26D-00FE1C8E956C_image_1_1724846327830.jpg; https://eccdn.com.au/images/4F9EE1BE-AEE6-4B98-A26D-00FE1C8E956C/4F9EE1BE-AEE6-4B98-A26D-00FE1C8E956C_image_2_1724846327830.jpg; https://eccdn.com.au/images/4F9EE1BE-AEE6-4B98-A26D-00FE1C8E956C/4F9EE1BE-AEE6-4B98-A26D-00FE1C8E956C_image_3_1724846327830.jpg,"{""friday"":""12:00 – 2:30 PM, 5:30 – 9:30 PM"",""monday"":""5:30 – 9:30 PM"",""sunday"":""CLOSED"",""tuesday"":""12:00 – 2:30 PM, 5:30 – 9:30 PM"",""saturday"":""12:00 – 2:30 PM, 5:30 – 9:30 PM"",""thursday"":""12:00 – 2:30 PM, 5:30 – 9:30 PM"",""wednesday"":""12:00 – 2:30 PM, 5:30 – 9:30 PM""}",-35.2728866,149.1317421,2026-01-07T23:22:02.589Z,2026-01-08T00:18:28.087Z
1222,Burger Villains - Tuggeranong,Greenway,"10/341 Reed St S, Greenway ACT 2900, Australia",American,0470 634 369,,https://eatclub.com.au/venue/burger-villains-tuggeranong,,,,[object Object],,,https://www.burgervillains.com/burgervillains-multipleburgers-web.jpg; https://eccdn.com.au/images/E581C0BE-9D9A-4DEB-827C-0F1EA072B37F/E581C0BE-9D9A-4DEB-827C-0F1EA072B37F_image_0_1763032055713.jpg; https://eatclub.com.au/_next/static/media/eatclub.305f8e86.svg; https://eccdn.com.au/images/E581C0BE-9D9A-4DEB-827C-0F1EA072B37F/E581C0BE-9D9A-4DEB-827C-0F1EA072B37F_image_4_1763032146219.jpg; https://eccdn.com.au/images/E581C0BE-9D9A-4DEB-827C-0F1EA072B37F/E581C0BE-9D9A-4DEB-827C-0F1EA072B37F_image_2_1763032115320.jpg; https://eccdn.com.au/images/E581C0BE-9D9A-4DEB-827C-0F1EA072B37F/E581C0BE-9D9A-4DEB-827C-0F1EA072B37F_image_3_1763032129179.jpg; https://eccdn.com.au/images/E581C0BE-9D9A-4DEB-827C-0F1EA072B37F/E581C0BE-9D9A-4DEB-827C-0F1EA072B37F_image_1_1763032102828.jpg,"{""friday"":""9:00 AM – 11:00 PM"",""monday"":""9:00 AM – 11:00 PM"",""sunday"":""9:00 AM – 11:00 PM"",""tuesday"":""9:00 AM – 11:00 PM"",""saturday"":""11:30 AM – 11:00 PM"",""thursday"":""9:00 AM – 11:00 PM"",""wednesday"":""9:00 AM – 11:00 PM""}",-35.4196709,149.0694964,2026-01-07T23:22:02.721Z,2026-01-08T00:18:31.226Z
1227,Aavjo Indian Cuisine,Deakin,"7 Duff Pl, Deakin ACT 2600, Australia",Indian,(02) 7250 5360,,https://eatclub.com.au/venue/aavjo-indian-cuisine,,,,[object Object],,$$,https://twirll.s3.amazonaws.com/TwirllApp/Twirllimages/product_albums/45549/original/arcylic_p_page-0001__1_-removebg-preview.png?1742619122; https://eccdn.com.au/images/9A1740B1-64A1-4AC4-A684-9C5EFD0BD0A9/9A1740B1-64A1-4AC4-A684-9C5EFD0BD0A9_image_0_1760533554974.jpg; https://eatclub.com.au/_next/static/media/eatclub.305f8e86.svg; https://eccdn.com.au/images/9A1740B1-64A1-4AC4-A684-9C5EFD0BD0A9/9A1740B1-64A1-4AC4-A684-9C5EFD0BD0A9_image_4_1760533617280.jpg; https://eccdn.com.au/images/9A1740B1-64A1-4AC4-A684-9C5EFD0BD0A9/9A1740B1-64A1-4AC4-A684-9C5EFD0BD0A9_image_1_1760533605393.jpg; https://eccdn.com.au/images/9A1740B1-64A1-4AC4-A684-9C5EFD0BD0A9/9A1740B1-64A1-4AC4-A684-9C5EFD0BD0A9_image_2_1760533605393.jpg; https://eccdn.com.au/images/9A1740B1-64A1-4AC4-A684-9C5EFD0BD0A9/9A1740B1-64A1-4AC4-A684-9C5EFD0BD0A9_image_3_1760533605393.jpg,"{""friday"":""5:00 – 9:30 PM"",""monday"":""5:00 – 9:30 PM"",""sunday"":""5:00 – 9:30 PM"",""tuesday"":""5:00 – 9:30 PM"",""saturday"":""5:00 – 9:30 PM"",""thursday"":""5:00 – 9:30 PM"",""wednesday"":""5:00 – 9:30 PM""}",-35.3144192,149.1069562,2026-01-07T23:22:03.040Z,2026-01-08T00:18:34.401Z
1232,TYPICA Café Manuka,Griffith,"4 Palmerston Ln, Griffith ACT 2603, Australia",,,,https://eatclub.com.au/venue/typica-caf-manuka,,,,,,$$,,"{""friday"":""7:00 AM – 2:00 PM"",""monday"":""7:00 AM – 2:00 PM"",""sunday"":""7:30 AM – 2:00 PM"",""tuesday"":""7:00 AM – 2:00 PM"",""saturday"":""7:30 AM – 2:00 PM"",""thursday"":""7:00 AM – 2:00 PM"",""wednesday"":""7:00 AM – 2:00 PM""}",-35.3204702,149.1324319,2026-01-07T23:22:03.364Z,2026-01-07T23:22:03.364Z
1230,Champi Restaurant,Kingston,"17 Kennedy St, Kingston ACT 2604, Australia",,(02) 5104 8988,,https://eatclub.com.au/venue/champi-restaurant,,,,[object Object],,,"""https://static.wixstatic.com/media/37bc96_762fb6dd024f47d0977562bf8d25590e%7Emv2.png/v1/fit/w_2500,h_1330,al_c/37bc96_762fb6dd024f47d0977562bf8d25590e%7Emv2.png""; https://eccdn.com.au/images/42340E34-E25B-4EE0-97FB-D0745CDC6FE0/42340E34-E25B-4EE0-97FB-D0745CDC6FE0_image_1_1727182361149.jpg; https://eatclub.com.au/_next/static/media/eatclub.305f8e86.svg; https://eccdn.com.au/images/42340E34-E25B-4EE0-97FB-D0745CDC6FE0/42340E34-E25B-4EE0-97FB-D0745CDC6FE0_image_3_1727182361149.jpg; https://eccdn.com.au/images/42340E34-E25B-4EE0-97FB-D0745CDC6FE0/42340E34-E25B-4EE0-97FB-D0745CDC6FE0_image_4_1727182382581.jpg; https://eccdn.com.au/images/42340E34-E25B-4EE0-97FB-D0745CDC6FE0/42340E34-E25B-4EE0-97FB-D0745CDC6FE0_image_2_1727182361149.jpg; https://eccdn.com.au/images/42340E34-E25B-4EE0-97FB-D0745CDC6FE0/42340E34-E25B-4EE0-97FB-D0745CDC6FE0_image_0_1727182361149.jpg","{""friday"":""12:00 – 9:30 PM"",""monday"":""CLOSED"",""sunday"":""12:00 – 9:30 PM"",""tuesday"":""12:00 – 9:30 PM"",""saturday"":""12:00 – 9:30 PM"",""thursday"":""12:00 – 9:30 PM"",""wednesday"":""12:00 – 9:30 PM""}",-35.3162209,149.1407298,2026-01-07T23:22:03.236Z,2026-01-08T00:18:39.342Z
1234,Indian Pantry Restaurant,Florey,"3/37 Kesteven St, Florey ACT 2615, Australia","Indian, Asian",0436 409 809,,https://eatclub.com.au/venue/indian-pantry-restaurant,,,,[object Object],,$$,https://assets.foodhub.com/images/thumbnails/breads_curry_indian_003_1280.jpg; https://eccdn.com.au/images/EBC3C7E0-03EF-4F3D-A2B5-06E1E3EA5106/EBC3C7E0-03EF-4F3D-A2B5-06E1E3EA5106_image_0_1762337449952.jpg; https://eatclub.com.au/_next/static/media/eatclub.305f8e86.svg; https://eccdn.com.au/images/EBC3C7E0-03EF-4F3D-A2B5-06E1E3EA5106/EBC3C7E0-03EF-4F3D-A2B5-06E1E3EA5106_image_4_1762337592026.jpg; https://eccdn.com.au/images/EBC3C7E0-03EF-4F3D-A2B5-06E1E3EA5106/EBC3C7E0-03EF-4F3D-A2B5-06E1E3EA5106_image_1_1762337465461.jpg; https://eccdn.com.au/images/EBC3C7E0-03EF-4F3D-A2B5-06E1E3EA5106/EBC3C7E0-03EF-4F3D-A2B5-06E1E3EA5106_image_2_1762337476589.jpg; https://eccdn.com.au/images/EBC3C7E0-03EF-4F3D-A2B5-06E1E3EA5106/EBC3C7E0-03EF-4F3D-A2B5-06E1E3EA5106_image_3_1762337487239.jpg,"{""friday"":""5:00 – 9:30 PM"",""monday"":""5:00 – 9:00 PM"",""sunday"":""5:00 – 9:00 PM"",""tuesday"":""5:00 – 9:00 PM"",""saturday"":""5:00 – 9:30 PM"",""thursday"":""5:00 – 9:00 PM"",""wednesday"":""5:00 – 9:00 PM""}",-35.2256437,149.0546864,2026-01-07T23:22:03.515Z,2026-01-08T00:18:45.472Z
1236,Pandan Leaf Malaysian Restaurant,Belconnen,"T13/10 Lathlain St, Belconnen ACT 2617, Australia",Asian,0415 979 491,,https://eatclub.com.au/venue/pandan-leaf-malaysian-restaurant,,,,[object Object],,,"""https://static.wixstatic.com/media/f8931d_4e3a9aa5ca714aeaa6ebf5adeba3ff64~mv2.png/v1/fill/w_202,h_96,al_c,q_85,usm_0.66_1.00_0.01,enc_avif,quality_auto/f8931d_4e3a9aa5ca714aeaa6ebf5adeba3ff64~mv2.png""; https://eccdn.com.au/images/889944C8-98C1-4835-B5CE-66D01CE87855/889944C8-98C1-4835-B5CE-66D01CE87855_image_0_1761812638997.jpg; https://eatclub.com.au/_next/static/media/eatclub.305f8e86.svg; https://eccdn.com.au/images/889944C8-98C1-4835-B5CE-66D01CE87855/889944C8-98C1-4835-B5CE-66D01CE87855_image_4_1761812656678.jpg; https://eccdn.com.au/images/889944C8-98C1-4835-B5CE-66D01CE87855/889944C8-98C1-4835-B5CE-66D01CE87855_image_1_1761812638997.jpg; https://eccdn.com.au/images/889944C8-98C1-4835-B5CE-66D01CE87855/889944C8-98C1-4835-B5CE-66D01CE87855_image_3_1761812638997.jpg; https://eccdn.com.au/images/889944C8-98C1-4835-B5CE-66D01CE87855/889944C8-98C1-4835-B5CE-66D01CE87855_image_2_1761812638997.jpg","{""friday"":""10:30 AM – 2:30 PM, 5:00 PM – 1:00 AM"",""monday"":""CLOSED"",""sunday"":""10:30 AM – 2:30 PM, 5:00 PM – 1:00 AM"",""tuesday"":""11:00 AM – 2:30 PM"",""saturday"":""10:30 AM – 2:30 PM, 5:00 PM – 1:00 AM"",""thursday"":""10:30 AM – 2:30 PM, 5:00 PM – 1:00 AM"",""wednesday"":""11:00 AM – 2:30 PM""}",-35.2457579,149.0654921,2026-01-07T23:22:03.637Z,2026-01-08T00:18:48.744Z
1250,Rasam Restaurant,Canberra,"4/35 Childers St, Canberra ACT 2601, Australia",,0490 113 551,,https://eatclub.com.au/venue/rasam-restaurant,,,,,,,http://static1.squarespace.com/static/6708a4cd45b2a7145af1fab7/t/6708a5e5519c88289ada7b2a/1728620005868/rasam-logo.png?format=1500w,"{""friday"":""12:00 – 2:30 PM, 5:30 – 8:30 PM"",""monday"":""CLOSED"",""sunday"":""10:30 AM – 3:00 PM"",""tuesday"":""CLOSED"",""saturday"":""11:00 AM – 2:30 PM"",""thursday"":""12:00 – 2:30 PM, 5:30 – 9:00 PM"",""wednesday"":""12:00 – 2:30 PM, 5:30 – 9:00 PM""}",-35.2768906,149.1254639,2026-01-07T23:22:04.488Z,2026-01-07T23:22:04.488Z
1252,The Flames Galore,Canberra,"15 Moore St, Canberra ACT 2601, Australia",,(02) 6106 9522,,https://eatclub.com.au/venue/the-flames-galore-stonegrill-dining,,,,[object Object],,,https://theflamesgalore.com/wp-content/uploads/2024/08/logobg.png,"{""friday"":""11:30 AM – 10:00 PM"",""monday"":""11:30 AM – 9:00 PM"",""sunday"":""11:30 AM – 9:00 PM"",""tuesday"":""11:30 AM – 9:00 PM"",""saturday"":""11:30 AM – 10:00 PM"",""thursday"":""11:30 AM – 9:30 PM"",""wednesday"":""11:30 AM – 9:30 PM""}",-35.2760835,149.1281206,2026-01-07T23:22:04.633Z,2026-01-07T23:22:04.633Z
1326,SPICE BREWS & BITES,Dickson,"Shop 5/28 Challis Street, Woolley St, Dickson ACT 2602, Australia",,(02) 6134 6659,,https://eatclub.com.au/venue/spice-brews-bites,,,,,,,https://www.ozfoodhunter.com.au/resources/upload_files/restaurant_logo/restaurant_logo_8808.jpg,"{""friday"":""5:00 – 9:30 PM"",""monday"":""5:00 – 9:00 PM"",""sunday"":""5:00 – 9:00 PM"",""tuesday"":""5:00 – 9:00 PM"",""saturday"":""5:00 – 8:30 PM"",""thursday"":""5:00 – 9:00 PM"",""wednesday"":""5:00 – 9:00 PM""}",-35.2493046,149.1364235,2026-01-07T23:22:09.390Z,2026-01-07T23:22:09.390Z
1329,Li's Dumpling Inn,Wanniassa,"1/33 Gartside St, Wanniassa ACT 2903, Australia",Asian,0448 163 568,,https://eatclub.com.au/venue/li-s-dumpling-inn,,,,,,$,,"{""friday"":""12:00 – 3:00 PM, 5:00 – 10:00 PM"",""monday"":""5:00 – 9:00 PM"",""sunday"":""5:00 – 10:00 PM"",""tuesday"":""CLOSED"",""saturday"":""5:00 – 10:00 PM"",""thursday"":""4:00 – 10:00 PM"",""wednesday"":""5:00 – 9:00 PM""}",-35.4052087,149.1001233,2026-01-07T23:22:09.575Z,2026-01-07T23:22:09.575Z
1344,Timmy's Kitchen,Griffith,"Shop 1/18 Furneaux St, Griffith ACT 2603, Australia",,0473 023 181,,https://eatclub.com.au/venue/timmy-s-kitchen,,,,,,$$,,"{""friday"":""11:30 AM – 2:30 PM, 5:00 – 9:30 PM"",""monday"":""11:30 AM – 2:30 PM, 5:00 – 9:30 PM"",""sunday"":""11:30 AM – 2:30 PM, 5:00 – 9:30 PM"",""tuesday"":""11:30 AM – 2:30 PM, 5:00 – 9:30 PM"",""saturday"":""11:30 AM – 2:30 PM, 5:00 – 9:30 PM"",""thursday"":""11:30 AM – 2:30 PM, 5:00 – 9:30 PM"",""wednesday"":""11:30 AM – 2:30 PM, 5:00 – 9:30 PM""}",-35.3200791,149.1318233,2026-01-07T23:22:10.559Z,2026-01-07T23:22:10.559Z
1339,Cafe Himalayan Brew - Phillip,Phillip,,,,,https://eatclub.com.au/venue/cafe-himalayan-brew-phillip,,,,[object Object],,,https://eccdn.com.au/images/BAFFE9B3-6871-4411-874B-C311B3F6B0B8/BAFFE9B3-6871-4411-874B-C311B3F6B0B8_image_0_1763612052011.jpg; https://eatclub.com.au/_next/static/media/eatclub.305f8e86.svg; https://eccdn.com.au/images/BAFFE9B3-6871-4411-874B-C311B3F6B0B8/BAFFE9B3-6871-4411-874B-C311B3F6B0B8_image_4_1763612130997.jpg; https://eccdn.com.au/images/BAFFE9B3-6871-4411-874B-C311B3F6B0B8/BAFFE9B3-6871-4411-874B-C311B3F6B0B8_image_1_1763612112910.jpg; https://eccdn.com.au/images/BAFFE9B3-6871-4411-874B-C311B3F6B0B8/BAFFE9B3-6871-4411-874B-C311B3F6B0B8_image_2_1763612112910.jpg; https://eccdn.com.au/images/BAFFE9B3-6871-4411-874B-C311B3F6B0B8/BAFFE9B3-6871-4411-874B-C311B3F6B0B8_image_3_1763612112910.jpg,{},,,2026-01-07T23:22:10.228Z,2026-01-08T00:19:09.269Z
1381,Pearl Canberra,Belconnen,"2/12 Purdue St, Belconnen ACT 2617, Australia",,0480 636 576,,https://eatclub.com.au/venue/pearl-canberra,,,,[object Object]; [object Object],,,https://www.pearlcanberra.com.au/uploads/b/818a6b70-323e-11f0-885e-5d8db54523d9/pear_canberra_order_online.png; https://eccdn.com.au/images/C675A41D-3E36-4E22-93C1-36A5960B767A/C675A41D-3E36-4E22-93C1-36A5960B767A_image_0_1762940249231.jpg; https://eatclub.com.au/_next/static/media/eatclub.305f8e86.svg; https://eccdn.com.au/images/C675A41D-3E36-4E22-93C1-36A5960B767A/C675A41D-3E36-4E22-93C1-36A5960B767A_image_4_1762940403284.jpg; https://eccdn.com.au/images/C675A41D-3E36-4E22-93C1-36A5960B767A/C675A41D-3E36-4E22-93C1-36A5960B767A_image_1_1762940349171.jpg; https://eccdn.com.au/images/C675A41D-3E36-4E22-93C1-36A5960B767A/C675A41D-3E36-4E22-93C1-36A5960B767A_image_2_1762940349171.jpg; https://eccdn.com.au/images/C675A41D-3E36-4E22-93C1-36A5960B767A/C675A41D-3E36-4E22-93C1-36A5960B767A_image_3_1762940378695.jpg,"{""friday"":""5:00 – 9:00 PM"",""monday"":""CLOSED"",""sunday"":""11:00 AM – 8:00 PM"",""tuesday"":""5:00 – 9:00 PM"",""saturday"":""11:00 AM – 9:00 PM"",""thursday"":""5:00 – 9:00 PM"",""wednesday"":""5:00 – 9:00 PM""}",-35.2384670,149.0613326,2026-01-07T23:22:12.996Z,2026-01-08T00:19:15.063Z
1383,Siren Bar and Restaurant,Gungahlin,,,,,https://eatclub.com.au/venue/siren-bar-and-restaurant,,,,[object Object]; [object Object],,,https://eccdn.com.au/images/888CE2BA-A507-4F2B-9E08-6594336188CF/888CE2BA-A507-4F2B-9E08-6594336188CF_image_1_1762388097418.jpg; https://eatclub.com.au/_next/static/media/eatclub.305f8e86.svg; https://eccdn.com.au/images/888CE2BA-A507-4F2B-9E08-6594336188CF/888CE2BA-A507-4F2B-9E08-6594336188CF_image_4_1762388397337.jpg; https://eccdn.com.au/images/888CE2BA-A507-4F2B-9E08-6594336188CF/888CE2BA-A507-4F2B-9E08-6594336188CF_image_2_1762388097418.jpg; https://eccdn.com.au/images/888CE2BA-A507-4F2B-9E08-6594336188CF/888CE2BA-A507-4F2B-9E08-6594336188CF_image_3_1762388097418.jpg; https://eccdn.com.au/images/888CE2BA-A507-4F2B-9E08-6594336188CF/888CE2BA-A507-4F2B-9E08-6594336188CF_image_4_1762388314342.jpg,{},,,2026-01-07T23:22:13.124Z,2026-01-08T00:19:16.858Z
485,No.10 Restaurant + Bar Belconnen,Belconnen,"Abode Belconnen, 3 Grazier La, Belconnen ACT 2617, Australia",,(02) 6220 0356,,https://eatclub.com.au/venue/no-10-restaurant-bar-belconnen,,,,[object Object],,,,"{""friday"":""7:00 AM – 9:00 PM"",""monday"":""7:00 AM – 9:00 PM"",""sunday"":""7:00 – 11:00 AM"",""tuesday"":""7:00 AM – 9:00 PM"",""saturday"":""7:00 AM – 9:00 PM"",""thursday"":""7:00 AM – 9:00 PM"",""wednesday"":""7:00 AM – 9:00 PM""}",-35.2403732,149.0716074,2026-01-07T23:21:17.451Z,2026-01-07T23:57:09.092Z
549,CANBERRA BAR & GRILL,Greenway,"1 Cynthea Teague Cres, Greenway ACT 2900, Australia",American,(02) 5136 7462,,https://eatclub.com.au/venue/canberra-bar-grill,,,,,,$$,,"{""friday"":""7:00 AM – 9:00 PM"",""monday"":""7:00 AM – 9:00 PM"",""sunday"":""7:00 AM – 9:00 PM"",""tuesday"":""7:00 AM – 9:00 PM"",""saturday"":""7:00 AM – 9:00 PM"",""thursday"":""7:00 AM – 9:00 PM"",""wednesday"":""7:00 AM – 9:00 PM""}",-35.4210566,149.0722055,2026-01-07T23:21:21.295Z,2026-01-07T23:57:15.064Z
598,Naadam Restaurant,Phillip,"98 Corinna St, Phillip ACT 2606, Australia",,(02) 6193 8339,,https://eatclub.com.au/venue/naadam-restaurant,,,,[object Object],,,https://eccdn.com.au/images/93F26ABD-FC33-49D4-830F-CFF8EC7B23CE/93F26ABD-FC33-49D4-830F-CFF8EC7B23CE_image_1_1762429932049.jpg; https://eatclub.com.au/_next/static/media/eatclub.305f8e86.svg; https://eccdn.com.au/images/93F26ABD-FC33-49D4-830F-CFF8EC7B23CE/93F26ABD-FC33-49D4-830F-CFF8EC7B23CE_image_4_1762430114215.jpg; https://eccdn.com.au/images/93F26ABD-FC33-49D4-830F-CFF8EC7B23CE/93F26ABD-FC33-49D4-830F-CFF8EC7B23CE_image_2_1762429976082.jpg; https://eccdn.com.au/images/93F26ABD-FC33-49D4-830F-CFF8EC7B23CE/93F26ABD-FC33-49D4-830F-CFF8EC7B23CE_image_4_1762430229247.jpg; https://eccdn.com.au/images/93F26ABD-FC33-49D4-830F-CFF8EC7B23CE/93F26ABD-FC33-49D4-830F-CFF8EC7B23CE_image_4_1762430379596.jpg,"{""friday"":""11:30 AM – 2:30 PM, 5:15 – 10:00 PM"",""monday"":""CLOSED"",""sunday"":""5:15 – 9:00 PM"",""tuesday"":""5:15 – 9:00 PM"",""saturday"":""11:30 AM – 2:30 PM, 5:15 – 10:00 PM"",""thursday"":""5:15 – 9:00 PM"",""wednesday"":""5:15 – 9:00 PM""}",-35.3477479,149.0889121,2026-01-07T23:21:24.285Z,2026-01-08T00:19:25.600Z
1336,Urban Fresh Sushi Woden,Phillip,"Shop 8c/15 Bowes St, Phillip ACT 2606, Australia","Japanese, Asian",0417 399 654,,https://eatclub.com.au/venue/urban-fresh-sushi-woden,,,,[object Object]; [object Object],,$,https://eccdn.com.au/images/91FECCE1-7924-4A70-B0C4-2111D8238075/91FECCE1-7924-4A70-B0C4-2111D8238075_image_1_1764203230055.jpg; https://eatclub.com.au/_next/static/media/eatclub.305f8e86.svg; https://eccdn.com.au/images/91FECCE1-7924-4A70-B0C4-2111D8238075/91FECCE1-7924-4A70-B0C4-2111D8238075_image_0_1764203069454.jpg; https://eccdn.com.au/images/91FECCE1-7924-4A70-B0C4-2111D8238075/91FECCE1-7924-4A70-B0C4-2111D8238075_image_2_1764203230055.jpg; https://eccdn.com.au/images/91FECCE1-7924-4A70-B0C4-2111D8238075/91FECCE1-7924-4A70-B0C4-2111D8238075_image_4_1764203230055.jpg; https://eccdn.com.au/images/91FECCE1-7924-4A70-B0C4-2111D8238075/91FECCE1-7924-4A70-B0C4-2111D8238075_image_3_1764203230055.jpg,"{""friday"":""11:00 AM – 8:15 PM"",""monday"":""11:00 AM – 7:45 PM"",""sunday"":""CLOSED"",""tuesday"":""11:00 AM – 7:45 PM"",""saturday"":""11:30 AM – 8:15 PM"",""thursday"":""11:00 AM – 7:45 PM"",""wednesday"":""11:00 AM – 7:45 PM""}",-35.3443189,149.0870533,2026-01-07T23:22:10.034Z,2026-01-08T00:19:28.903Z
980,No.10 Restaurant + Bar Woden,Phillip,"10 Bowes St, Phillip ACT 2606, Australia",,(02) 6108 4958,,https://eatclub.com.au/venue/no-10-restaurant-bar-woden,,,,[object Object],,$$,,"{""friday"":""7:00 AM – 9:00 PM"",""monday"":""7:00 AM – 9:00 PM"",""sunday"":""7:00 – 11:00 AM"",""tuesday"":""7:00 AM – 9:00 PM"",""saturday"":""7:00 AM – 11:00 PM"",""thursday"":""7:00 AM – 9:00 PM"",""wednesday"":""7:00 AM – 9:00 PM""}",-35.3433294,149.0858371,2026-01-07T23:21:47.568Z,2026-01-07T23:57:52.499Z
1014,Sharon May's Filipino Cuisine,Gungahlin,"u3/5 Hibberson St, Gungahlin ACT 2912, Australia",Asian,(02) 6183 0800,,https://eatclub.com.au/venue/sharon-may-s-filipino-cuisine,,,,,,,,"{""friday"":""11:00 AM – 2:30 PM, 5:00 – 8:00 PM"",""monday"":""CLOSED"",""sunday"":""11:00 AM – 3:00 PM, 5:00 – 8:00 PM"",""tuesday"":""CLOSED"",""saturday"":""11:00 AM – 3:00 PM, 5:00 – 8:00 PM"",""thursday"":""11:00 AM – 2:30 PM, 5:00 – 8:00 PM"",""wednesday"":""5:00 – 8:00 PM""}",-35.1844025,149.1289656,2026-01-07T23:21:49.588Z,2026-01-07T23:58:00.573Z
1032,Stella's By The Lake,Belconnen,"1 Beissel St, Belconnen ACT 2617, Australia",,(02) 6105 9497,,https://eatclub.com.au/venue/stella-s-by-the-lake,,,,,,$$,,"{""friday"":""7:00 AM – 2:00 PM"",""monday"":""7:00 AM – 2:00 PM"",""sunday"":""8:00 AM – 2:00 PM"",""tuesday"":""7:00 AM – 2:00 PM"",""saturday"":""8:00 AM – 2:00 PM"",""thursday"":""7:00 AM – 2:00 PM"",""wednesday"":""7:00 AM – 2:00 PM""}",-35.2359368,149.0655079,2026-01-07T23:21:50.631Z,2026-01-07T23:58:04.663Z
1335,Indian Bay Restaurant & Bar,Belconnen,"NORTHPOINT PLAZA, 8G/8 Chandler St, Belconnen ACT 2617, Australia",Indian,(02) 6253 1733,,https://eatclub.com.au/venue/indian-bay-restaurant-bar,,,,,,$$,,"{""friday"":""5:00 – 10:00 PM"",""monday"":""5:00 – 10:00 PM"",""sunday"":""5:00 – 10:00 PM"",""tuesday"":""5:00 – 10:00 PM"",""saturday"":""5:00 – 10:00 PM"",""thursday"":""5:00 – 10:00 PM"",""wednesday"":""5:00 – 10:00 PM""}",-35.2377547,149.0688179,2026-01-07T23:22:09.964Z,2026-01-07T23:58:35.149Z
1002,Les Bistronomes,Campbell,"18 Blamey Pl, Campbell ACT 2612, Australia",,(02) 6248 8119,,https://eatclub.com.au/venue/les-bistronomes,,,,,,$$$,https://lh3.googleusercontent.com/places/ANXAkqHs7tE72q1p6w2tXD7cp-KZN4zy19Rmxo9ReEpz9MqY1vB6Dd0ZYCRPHS_44K7M11OrELbkLBOwiM-n8T3fIcykUQ1GZOTClDI=s4800-h698; https://eatclub.com.au/_next/static/media/eatclub.305f8e86.svg; https://lh3.googleusercontent.com/places/ANXAkqG9sZyNaVmdXf3XmDehLO-SHijtLoe7sDfkRrM9-QUlnTrZzw1avlxBV5WQ_cY7KtNHS7Z36t18mz9MWk3sNidJGE7UzFepLfI=s4800-h768; https://lh3.googleusercontent.com/places/ANXAkqEebBAXZcViqDj7IVLSPsAbPLWhGUVCOtALy4mYFpxQqcOpkUljGau5CIc4I9Guu6hb0IXgx74IIk_Xb46vWV6i3yp4p_M3BHk=s4800-h768; https://lh3.googleusercontent.com/places/ANXAkqHkObg_p5uRt38Qgw4xm8gPdlWCpNBjVczvrNs7I20WPTRhJftQi6qBDQxwSMtNmAA-EEYrz799Hx0UBh3O97evagofp1P0ap0=s4800-h768; https://lh3.googleusercontent.com/places/ANXAkqEIlXG_94hJ4KV4c4rFTWR36HHWXtNqA_4VW76eCqDPnInWBgphY6AcYHvrkS0GtDSRkagNv2jqwv_Ni8ars_EsDrhP1Ap5H1Q=s4800-h768,"{""friday"":""12:00 – 2:00 PM, 6:00 – 9:00 PM"",""monday"":""CLOSED"",""sunday"":""CLOSED"",""tuesday"":""12:00 – 2:00 PM, 6:00 – 9:00 PM"",""saturday"":""12:00 – 2:00 PM, 6:00 – 9:00 PM"",""thursday"":""12:00 – 2:00 PM, 6:00 – 9:00 PM"",""wednesday"":""12:00 – 2:00 PM, 6:00 – 9:00 PM""}",-35.2895566,149.1541092,2026-01-07T23:21:48.869Z,2026-01-08T00:19:33.567Z
1322,The Q Dining - Modern Vietnamese Cuisine,Phillip,"Albemarle, Albemarle Building, G03/45 Furzer St, Phillip ACT 2606, Australia","Asian, Modern",0405 089 089,,https://eatclub.com.au/venue/the-q-dining-modern-vietnamese-cuisine,,,,[object Object],,,https://eccdn.com.au/images/15AD57D5-0A15-4DA4-B466-FC4C416E4567/15AD57D5-0A15-4DA4-B466-FC4C416E4567_image_1_1762431064784.jpg; https://eatclub.com.au/_next/static/media/eatclub.305f8e86.svg; https://eccdn.com.au/images/15AD57D5-0A15-4DA4-B466-FC4C416E4567/15AD57D5-0A15-4DA4-B466-FC4C416E4567_image_0_1762431064784.jpg; https://eccdn.com.au/images/15AD57D5-0A15-4DA4-B466-FC4C416E4567/15AD57D5-0A15-4DA4-B466-FC4C416E4567_image_3_1762431109531.jpg; https://eccdn.com.au/images/15AD57D5-0A15-4DA4-B466-FC4C416E4567/15AD57D5-0A15-4DA4-B466-FC4C416E4567_image_4_1762431109531.jpg; https://eccdn.com.au/images/15AD57D5-0A15-4DA4-B466-FC4C416E4567/15AD57D5-0A15-4DA4-B466-FC4C416E4567_image_4_1762431140478.jpg,"{""friday"":""11:30 AM – 2:30 PM, 5:30 – 11:00 PM"",""monday"":""CLOSED"",""sunday"":""CLOSED"",""tuesday"":""11:30 AM – 2:30 PM, 5:30 – 10:00 PM"",""saturday"":""11:30 AM – 2:30 PM, 5:30 – 11:00 PM"",""thursday"":""11:30 AM – 2:30 PM, 5:30 – 10:00 PM"",""wednesday"":""11:30 AM – 2:30 PM, 5:30 – 10:00 PM""}",-35.3440396,149.0848940,2026-01-07T23:22:09.157Z,2026-01-08T00:19:40.931Z
68,The Lotus Indian,Griffith,"18 Barker St, Griffith ACT 2603, Australia",Indian,(02) 6247 3510,,https://eatclub.com.au/venue/the-lotus-indian,,,,[object Object],,$$,https://eccdn.com.au/images/9D98F422-64EA-48A4-916F-0CD3EC2B2C57/9D98F422-64EA-48A4-916F-0CD3EC2B2C57_image_0_1759898497967.jpg; https://eatclub.com.au/_next/static/media/eatclub.305f8e86.svg; https://eccdn.com.au/images/9D98F422-64EA-48A4-916F-0CD3EC2B2C57/9D98F422-64EA-48A4-916F-0CD3EC2B2C57_image_1_1759898560142.jpg; https://eccdn.com.au/images/9D98F422-64EA-48A4-916F-0CD3EC2B2C57/9D98F422-64EA-48A4-916F-0CD3EC2B2C57_image_3_1759898765789.jpg; https://eccdn.com.au/images/9D98F422-64EA-48A4-916F-0CD3EC2B2C57/9D98F422-64EA-48A4-916F-0CD3EC2B2C57_image_4_1759898765789.jpg; https://eccdn.com.au/images/9D98F422-64EA-48A4-916F-0CD3EC2B2C57/9D98F422-64EA-48A4-916F-0CD3EC2B2C57_image_4_1759898777645.jpg,"{""friday"":""12:00 – 2:00 PM, 5:00 – 9:30 PM"",""monday"":""5:00 – 9:30 PM"",""sunday"":""5:00 – 9:30 PM"",""tuesday"":""5:00 – 9:30 PM"",""saturday"":""12:00 – 2:00 PM, 5:00 – 9:30 PM"",""thursday"":""12:00 – 2:00 PM, 5:00 – 9:30 PM"",""wednesday"":""12:00 – 2:00 PM, 5:00 – 9:30 PM""}",-35.3278835,149.1418962,2026-01-07T23:20:52.413Z,2026-01-08T00:57:11.584Z
76,Sushi Daily,Canberra,"33 Allara St, Canberra ACT 2601, Australia","Japanese, Asian",0451 674 082,,https://eatclub.com.au/venue/sushi-daily,,,,[object Object],,$,https://eccdn.com.au/images/3A9B37B7-193D-4393-9BEC-E158505EF368/3A9B37B7-193D-4393-9BEC-E158505EF368_image_0_1724916349765.jpg; https://eatclub.com.au/_next/static/media/eatclub.305f8e86.svg; https://eccdn.com.au/images/3A9B37B7-193D-4393-9BEC-E158505EF368/3A9B37B7-193D-4393-9BEC-E158505EF368_image_4_1724916364615.jpg; https://eccdn.com.au/images/3A9B37B7-193D-4393-9BEC-E158505EF368/3A9B37B7-193D-4393-9BEC-E158505EF368_image_1_1724916349765.jpg; https://eccdn.com.au/images/3A9B37B7-193D-4393-9BEC-E158505EF368/3A9B37B7-193D-4393-9BEC-E158505EF368_image_2_1724916349765.jpg; https://eccdn.com.au/images/3A9B37B7-193D-4393-9BEC-E158505EF368/3A9B37B7-193D-4393-9BEC-E158505EF368_image_3_1724916349765.jpg,"{""friday"":""9:00 AM – 6:00 PM"",""monday"":""9:00 AM – 6:00 PM"",""sunday"":""CLOSED"",""tuesday"":""9:00 AM – 6:00 PM"",""saturday"":""CLOSED"",""thursday"":""9:00 AM – 6:00 PM"",""wednesday"":""9:00 AM – 6:00 PM""}",-35.2831837,149.1336905,2026-01-07T23:20:52.899Z,2026-01-08T00:57:12.281Z
220,Asian Noodle House Campbell,Campbell,"Unit 28/6 Provan St, Campbell ACT 2612, Australia",Asian,(02) 6170 6169,,https://eatclub.com.au/venue/asian-noodle-house-campbell,,,,[object Object]; [object Object],,,https://eccdn.com.au/images/2E2DD638-7BB2-4E11-8168-FB1F1E53660C/2E2DD638-7BB2-4E11-8168-FB1F1E53660C_image_1_1762798079004.jpg; https://eatclub.com.au/_next/static/media/eatclub.305f8e86.svg; https://eccdn.com.au/images/2E2DD638-7BB2-4E11-8168-FB1F1E53660C/2E2DD638-7BB2-4E11-8168-FB1F1E53660C_image_4_1762798141497.jpg; https://eccdn.com.au/images/2E2DD638-7BB2-4E11-8168-FB1F1E53660C/2E2DD638-7BB2-4E11-8168-FB1F1E53660C_image_1_1762798127229.jpg; https://eccdn.com.au/images/2E2DD638-7BB2-4E11-8168-FB1F1E53660C/2E2DD638-7BB2-4E11-8168-FB1F1E53660C_image_2_1762798127229.jpg; https://eccdn.com.au/images/2E2DD638-7BB2-4E11-8168-FB1F1E53660C/2E2DD638-7BB2-4E11-8168-FB1F1E53660C_image_4_1762798127229.jpg,"{""friday"":""11:00 AM – 2:30 PM, 5:00 – 9:30 PM"",""monday"":""CLOSED"",""sunday"":""11:00 AM – 2:30 PM, 5:00 – 9:00 PM"",""tuesday"":""11:00 AM – 2:30 PM, 5:00 – 9:30 PM"",""saturday"":""11:00 AM – 2:30 PM, 5:00 – 9:30 PM"",""thursday"":""11:00 AM – 2:30 PM, 5:00 – 9:30 PM"",""wednesday"":""11:00 AM – 2:30 PM, 5:00 – 9:30 PM""}",-35.2889541,149.1437438,2026-01-07T23:21:01.568Z,2026-01-08T00:57:13.558Z
296,Saffron Restaurant,Kingston,"31 Kennedy St, Kingston ACT 2604, Australia",,(02) 6295 8839,,https://eatclub.com.au/venue/saffron-restaurant,,,[object Object]; [object Object]; [object Object]; [object Object]; [object Object],[object Object],,$$,https://eccdn.com.au/images/5259849D-8B68-453D-A501-40117DAD5F42/5259849D-8B68-453D-A501-40117DAD5F42_image_1_1746750251884.jpg; https://eatclub.com.au/_next/static/media/eatclub.305f8e86.svg; https://eccdn.com.au/images/5259849D-8B68-453D-A501-40117DAD5F42/5259849D-8B68-453D-A501-40117DAD5F42_image_4_1746750251884.jpg; https://eccdn.com.au/images/5259849D-8B68-453D-A501-40117DAD5F42/5259849D-8B68-453D-A501-40117DAD5F42_image_2_1746750251884.jpg; https://eccdn.com.au/images/5259849D-8B68-453D-A501-40117DAD5F42/5259849D-8B68-453D-A501-40117DAD5F42_image_3_1746750251884.jpg; https://eccdn.com.au/images/5259849D-8B68-453D-A501-40117DAD5F42/5259849D-8B68-453D-A501-40117DAD5F42_image_0_1746749639537.jpg,"{""friday"":""12:00 – 2:00 PM, 6:00 – 8:30 PM"",""monday"":""12:00 – 2:00 PM, 6:00 – 8:30 PM"",""sunday"":""12:00 – 2:00 PM, 6:00 – 8:30 PM"",""tuesday"":""12:00 – 2:00 PM, 6:00 – 8:30 PM"",""saturday"":""12:00 – 2:00 PM, 6:00 – 8:30 PM"",""thursday"":""12:00 – 2:00 PM, 6:00 – 8:30 PM"",""wednesday"":""12:00 – 2:00 PM, 6:00 – 8:30 PM""}",-35.3166276,149.1412171,2026-01-07T23:21:06.098Z,2026-01-08T00:57:14.172Z
528,Sankalp Indian Restaurant - Belconnen,Belconnen,,Indian,,,https://eatclub.com.au/venue/sankalp-indian-restaurant-belconnen,,,,[object Object]; [object Object],,$$,https://eccdn.com.au/images/6DCC2444-0A3B-481A-9A91-C628251EC7D9/6DCC2444-0A3B-481A-9A91-C628251EC7D9_image_0_1761616039874.jpg; https://eatclub.com.au/_next/static/media/eatclub.305f8e86.svg; https://eccdn.com.au/images/6DCC2444-0A3B-481A-9A91-C628251EC7D9/6DCC2444-0A3B-481A-9A91-C628251EC7D9_image_4_1761616051633.jpg; https://eccdn.com.au/images/6DCC2444-0A3B-481A-9A91-C628251EC7D9/6DCC2444-0A3B-481A-9A91-C628251EC7D9_image_1_1761616039874.jpg; https://eccdn.com.au/images/6DCC2444-0A3B-481A-9A91-C628251EC7D9/6DCC2444-0A3B-481A-9A91-C628251EC7D9_image_2_1761616039874.jpg; https://eccdn.com.au/images/6DCC2444-0A3B-481A-9A91-C628251EC7D9/6DCC2444-0A3B-481A-9A91-C628251EC7D9_image_3_1761616039874.jpg,{},,,2026-01-07T23:21:20.030Z,2026-01-08T00:16:36.548Z
537,Burger Villains - Page,Macquarie,,,,,https://eatclub.com.au/venue/burger-villains-page,,,,[object Object]; [object Object],,,https://eccdn.com.au/images/F6DE056B-C204-4A18-9688-138294DC960C/F6DE056B-C204-4A18-9688-138294DC960C_image_0_1761616409120.jpg; https://eatclub.com.au/_next/static/media/eatclub.305f8e86.svg; https://eccdn.com.au/images/F6DE056B-C204-4A18-9688-138294DC960C/F6DE056B-C204-4A18-9688-138294DC960C_image_4_1761616487004.jpg; https://eccdn.com.au/images/F6DE056B-C204-4A18-9688-138294DC960C/F6DE056B-C204-4A18-9688-138294DC960C_image_1_1761616409120.jpg; https://eccdn.com.au/images/F6DE056B-C204-4A18-9688-138294DC960C/F6DE056B-C204-4A18-9688-138294DC960C_image_2_1761616431910.jpg; https://eccdn.com.au/images/F6DE056B-C204-4A18-9688-138294DC960C/F6DE056B-C204-4A18-9688-138294DC960C_image_3_1761616456400.jpg,{},,,2026-01-07T23:21:20.586Z,2026-01-08T00:16:40.867Z
542,Cafe Himalayan Brew - Tuggeranong,Greenway,,,,,https://eatclub.com.au/venue/cafe-himalayan-brew-tuggeranong,,,,[object Object],,,https://eccdn.com.au/images/042C2767-B157-4505-B390-C96B11B8B9B4/042C2767-B157-4505-B390-C96B11B8B9B4_image_3_1763611834479.jpg; https://eatclub.com.au/_next/static/media/eatclub.305f8e86.svg; https://eccdn.com.au/images/042C2767-B157-4505-B390-C96B11B8B9B4/042C2767-B157-4505-B390-C96B11B8B9B4_image_4_1763611856029.jpg; https://eccdn.com.au/images/042C2767-B157-4505-B390-C96B11B8B9B4/042C2767-B157-4505-B390-C96B11B8B9B4_image_0_1763611834479.jpg; https://eccdn.com.au/images/042C2767-B157-4505-B390-C96B11B8B9B4/042C2767-B157-4505-B390-C96B11B8B9B4_image_1_1763611834479.jpg; https://eccdn.com.au/images/042C2767-B157-4505-B390-C96B11B8B9B4/042C2767-B157-4505-B390-C96B11B8B9B4_image_2_1763611834479.jpg,{},,,2026-01-07T23:21:20.877Z,2026-01-08T00:16:44.849Z
551,Wild Duck Fine Asian Cuisine,Kingston,,,,,https://eatclub.com.au/venue/wild-duck-fine-asian-cuisine,,,,[object Object],,,https://lh3.googleusercontent.com/places/ANXAkqFPKRPbndDrHI6_lc3mme0hYbSueRMtdo6FGIbCgAwetKUwJYnvHbBzRpxCb40_YbsIzF9YjJFG7J7oaFVFccRcm5cEGjajNAU=s4800-h768; https://eatclub.com.au/_next/static/media/eatclub.305f8e86.svg; https://lh3.googleusercontent.com/places/ANXAkqFUTa8feFua9s2-BpuRBpcjxV9XedJIB9KlERKwoKUZ2fQARMJczY5-qLGx8sMmaLPAP79hw7ISKCU4ktwvcZp8q328K74ZBjI=s4800-h768; https://lh3.googleusercontent.com/places/ANXAkqE8UZZ6YLYuEQjuP8voehEiN-odqsikdjRIyKGjyobeBXQhiKM8whzt7OoJPjsIggSFzS2Td-vDRhjZUjQ6Q_Y3IR1AzvZzFzo=s4800-h600; https://lh3.googleusercontent.com/places/ANXAkqFDKdf6SormKyK9KBcrbZcfqHnRY-YoNjegSZl1oiNgxkuiRAp0X_swiotqEvzZD-KBO83oV3NuWnM6hbeG3jX3QWoOoXf6P1k=s4800-h761; https://lh3.googleusercontent.com/places/ANXAkqHHelD1n0FTkMzVtDgsGouGSE4vsqk2I76BGx0J46ZtuGS5llq__wpBdp21VaBK5XgowbCXGn3wLedzSk1vQsZjTl59BgL9Ckg=s4800-h768,{},,,2026-01-07T23:21:21.414Z,2026-01-08T00:16:46.599Z
556,Fraser Cafe,Fraser,,,,,https://eatclub.com.au/venue/fraser-cafe,,,,[object Object]; [object Object],,,https://eccdn.com.au/images/1A6AAAB4-31EA-4A0D-A0D3-78E2583985EF/1A6AAAB4-31EA-4A0D-A0D3-78E2583985EF_image_2_1761686093527.jpg; https://eatclub.com.au/_next/static/media/eatclub.305f8e86.svg; https://eccdn.com.au/images/1A6AAAB4-31EA-4A0D-A0D3-78E2583985EF/1A6AAAB4-31EA-4A0D-A0D3-78E2583985EF_image_4_1761645643983.jpg; https://eccdn.com.au/images/1A6AAAB4-31EA-4A0D-A0D3-78E2583985EF/1A6AAAB4-31EA-4A0D-A0D3-78E2583985EF_image_3_1761686093527.jpg; https://eccdn.com.au/images/1A6AAAB4-31EA-4A0D-A0D3-78E2583985EF/1A6AAAB4-31EA-4A0D-A0D3-78E2583985EF_image_4_1761686093527.jpg; https://eccdn.com.au/images/1A6AAAB4-31EA-4A0D-A0D3-78E2583985EF/1A6AAAB4-31EA-4A0D-A0D3-78E2583985EF_image_4_1761686127426.jpg,{},,,2026-01-07T23:21:21.720Z,2026-01-08T00:16:48.193Z
559,Chairman & Yip,Barton,"1/1 Burbury Cl, Barton ACT 2600, Australia",,(02) 6162 1220,,https://eatclub.com.au/venue/chairman-yip,,,,,,$$$,https://chairmangroup.com.au/wp-content/uploads/2025/04/CY-Website-Banner.jpg; https://lh3.googleusercontent.com/places/ANXAkqEDU48-fM6vXBlf3Z7A37Q7cxL1O8Nh6XrJTz_fd4g4NRmIUCmtPrFbVxlHfEH63F23uiC1WCcJepLz11e_V4FQ0SNUAv4xVno=s4800-h768; https://eatclub.com.au/_next/static/media/eatclub.305f8e86.svg; https://lh3.googleusercontent.com/places/ANXAkqF9EfnP890wcdtXsejIPn0F0FusEeIGwCnE3R7as0rjP-69U2vkhLnrctZ_7enPxdSH7UUlg27lxf4OE-VOViuLoKh7ffH6iDs=s4800-h768; https://lh3.googleusercontent.com/places/ANXAkqFyU9xHKcx4f7ajyJh1avGdfe-th9sNFTf4L3EH-PvY-vYh2zv0a2gvp_NJNU5sfpoVJwY53UmqJbnbdhuPxBxgA2UgEz8W8V4=s4800-h768; https://lh3.googleusercontent.com/places/ANXAkqHWqWCVqdvy9aicGDZ0jmULgko2FfhNj7B4Vh1rf2RFB1NKBW8zJVp6DOOCsHgLUeuEU1BB54DHRemmt_BXg36qsWL7VT12D9E=s4800-h768; https://lh3.googleusercontent.com/places/ANXAkqFVoNNI8z-wKF1eKvHxX_tDFKmRbpQlZZ8VCxM3dze93pi_vHckDIWCugZm3pmSMfsWscwe39-rHVjRto-SBGd6yAjOHWtC7x0=s4800-h768,"{""friday"":""12:00 – 2:30 PM, 5:30 – 10:30 PM"",""monday"":""CLOSED"",""sunday"":""CLOSED"",""tuesday"":""6:00 – 10:30 PM"",""saturday"":""5:30 – 10:30 PM"",""thursday"":""12:00 – 2:30 PM, 6:00 – 10:30 PM"",""wednesday"":""12:00 – 2:30 PM, 6:00 – 10:30 PM""}",-35.3116566,149.1339437,2026-01-07T23:21:21.895Z,2026-01-08T00:16:51.283Z
603,PJs in the City,Canberra,"52 Alinga St, Canberra ACT 2601, Australia",,(02) 6230 1261,,https://eatclub.com.au/venue/pjs-in-the-city,,,,[object Object],,$$,http://static1.squarespace.com/static/5aefcd6f1aef1dc5b5db4cdd/t/61207b5c9b28c02304077ece/1629518684979/Color+logo+-+no+background.png?format=1500w; https://eccdn.com.au/images/D8F8F515-2F05-48D9-BAE2-288A4987E7F6/D8F8F515-2F05-48D9-BAE2-288A4987E7F6_image_0_1760932131795.jpg; https://eatclub.com.au/_next/static/media/eatclub.305f8e86.svg; https://eccdn.com.au/images/D8F8F515-2F05-48D9-BAE2-288A4987E7F6/D8F8F515-2F05-48D9-BAE2-288A4987E7F6_image_4_1760932290931.jpg; https://eccdn.com.au/images/D8F8F515-2F05-48D9-BAE2-288A4987E7F6/D8F8F515-2F05-48D9-BAE2-288A4987E7F6_image_1_1760932159790.jpg; https://eccdn.com.au/images/D8F8F515-2F05-48D9-BAE2-288A4987E7F6/D8F8F515-2F05-48D9-BAE2-288A4987E7F6_image_3_1760932159790.jpg; https://eccdn.com.au/images/D8F8F515-2F05-48D9-BAE2-288A4987E7F6/D8F8F515-2F05-48D9-BAE2-288A4987E7F6_image_4_1760932344390.jpg,"{""friday"":""11:00 AM – 2:00 AM"",""monday"":""11:00 AM – 12:00 AM"",""sunday"":""CLOSED"",""tuesday"":""11:00 AM – 12:00 AM"",""saturday"":""3:00 PM – 2:00 AM"",""thursday"":""11:00 AM – 12:00 AM"",""wednesday"":""11:00 AM – 12:00 AM""}",-35.2784812,149.1280232,2026-01-07T23:21:24.600Z,2026-01-08T00:16:58.317Z
586,Zero Complex,Canberra,,,,,https://eatclub.com.au/venue/zero-complex,,,,[object Object]; [object Object],,,https://eccdn.com.au/images/CCEE5C5E-E964-4AC2-A580-B98AD16C3B95/CCEE5C5E-E964-4AC2-A580-B98AD16C3B95_image_2_1756862407970.jpg; https://eatclub.com.au/_next/static/media/eatclub.305f8e86.svg; https://eccdn.com.au/images/CCEE5C5E-E964-4AC2-A580-B98AD16C3B95/CCEE5C5E-E964-4AC2-A580-B98AD16C3B95_image_4_1756862469421.jpg; https://eccdn.com.au/images/CCEE5C5E-E964-4AC2-A580-B98AD16C3B95/CCEE5C5E-E964-4AC2-A580-B98AD16C3B95_image_1_1756862407970.jpg; https://eccdn.com.au/images/CCEE5C5E-E964-4AC2-A580-B98AD16C3B95/CCEE5C5E-E964-4AC2-A580-B98AD16C3B95_image_0_1756862407970.jpg; https://eccdn.com.au/images/CCEE5C5E-E964-4AC2-A580-B98AD16C3B95/CCEE5C5E-E964-4AC2-A580-B98AD16C3B95_image_3_1756862417002.jpg,{},,,2026-01-07T23:21:23.525Z,2026-01-08T00:57:21.713Z
619,Sunday in Canberra Cafe,Gungahlin,"54 Ernest Cavanagh St, Gungahlin ACT 2912, Australia",Cafe,0429 678 272,,https://eatclub.com.au/venue/sunday-in-canberra-cafe,,,,[object Object],,$$,"""https://static.wixstatic.com/media/1b38db_517009e915124721b3c2f5cf7622aaa8%7Emv2_d_1500_1501_s_2.png/v1/fit/w_2500,h_1330,al_c/1b38db_517009e915124721b3c2f5cf7622aaa8%7Emv2_d_1500_1501_s_2.png""; https://eccdn.com.au/images/1EBEA1D6-B681-4CB3-94E0-FEB986E0B90E/1EBEA1D6-B681-4CB3-94E0-FEB986E0B90E_image_3_1762928745359.jpg; https://eatclub.com.au/_next/static/media/eatclub.305f8e86.svg; https://eccdn.com.au/images/1EBEA1D6-B681-4CB3-94E0-FEB986E0B90E/1EBEA1D6-B681-4CB3-94E0-FEB986E0B90E_image_4_1762928811881.jpg; https://eccdn.com.au/images/1EBEA1D6-B681-4CB3-94E0-FEB986E0B90E/1EBEA1D6-B681-4CB3-94E0-FEB986E0B90E_image_0_1762928405209.jpg; https://eccdn.com.au/images/1EBEA1D6-B681-4CB3-94E0-FEB986E0B90E/1EBEA1D6-B681-4CB3-94E0-FEB986E0B90E_image_1_1762928405209.jpg; https://eccdn.com.au/images/1EBEA1D6-B681-4CB3-94E0-FEB986E0B90E/1EBEA1D6-B681-4CB3-94E0-FEB986E0B90E_image_2_1762928405209.jpg","{""friday"":""7:30 AM – 2:30 PM"",""monday"":""7:30 AM – 2:30 PM"",""sunday"":""7:45 AM – 2:30 PM"",""tuesday"":""7:30 AM – 2:30 PM"",""saturday"":""7:45 AM – 2:30 PM"",""thursday"":""7:30 AM – 2:30 PM"",""wednesday"":""7:30 AM – 2:30 PM""}",-35.1846011,149.1354876,2026-01-07T23:21:25.598Z,2026-01-08T00:17:01.162Z
654,Asian Noodle House Gungahlin,Gungahlin,"2 Gribble St, Gungahlin ACT 2912, Australia",Asian,(02) 6106 9541,,https://eatclub.com.au/venue/asian-noodle-house-gungahlin,,,,[object Object]; [object Object],,,https://cloudfront-dkxj8skx6o8xc.mobi-pos.com/clouddb/Dl2nrGvaEvdB/Store/oo-logo_1728048892_500.png; https://eccdn.com.au/images/02472729-435D-488F-AC80-70453BE1DB1E/02472729-435D-488F-AC80-70453BE1DB1E_image_0_1762797203836.jpg; https://eatclub.com.au/_next/static/media/eatclub.305f8e86.svg; https://eccdn.com.au/images/02472729-435D-488F-AC80-70453BE1DB1E/02472729-435D-488F-AC80-70453BE1DB1E_image_4_1762797466215.jpg; https://eccdn.com.au/images/02472729-435D-488F-AC80-70453BE1DB1E/02472729-435D-488F-AC80-70453BE1DB1E_image_3_1762797263001.jpg; https://eccdn.com.au/images/02472729-435D-488F-AC80-70453BE1DB1E/02472729-435D-488F-AC80-70453BE1DB1E_image_2_1762797327067.jpg; https://eccdn.com.au/images/02472729-435D-488F-AC80-70453BE1DB1E/02472729-435D-488F-AC80-70453BE1DB1E_image_3_1762797327067.jpg,"{""friday"":""11:00 AM – 9:30 PM"",""monday"":""CLOSED"",""sunday"":""11:00 AM – 9:00 PM"",""tuesday"":""11:00 AM – 9:30 PM"",""saturday"":""11:00 AM – 9:30 PM"",""thursday"":""11:00 AM – 9:30 PM"",""wednesday"":""11:00 AM – 9:30 PM""}",-35.1815983,149.1308614,2026-01-07T23:21:27.741Z,2026-01-08T00:17:02.875Z
711,Amara Indian Restaurant,Canberra,"51-53 Northbourne Ave, Canberra ACT 2601, Australia",Indian,(02) 5104 0174,,https://eatclub.com.au/venue/amara-indian-restaurant,,,,[object Object],,$$,https://eccdn.com.au/images/0401711D-AF38-4251-BCC0-3AF43EC8D0E5/0401711D-AF38-4251-BCC0-3AF43EC8D0E5_image_0_1752575710780.jpg; https://eatclub.com.au/_next/static/media/eatclub.305f8e86.svg; https://eccdn.com.au/images/0401711D-AF38-4251-BCC0-3AF43EC8D0E5/0401711D-AF38-4251-BCC0-3AF43EC8D0E5_image_4_1752575721466.jpg; https://eccdn.com.au/images/0401711D-AF38-4251-BCC0-3AF43EC8D0E5/0401711D-AF38-4251-BCC0-3AF43EC8D0E5_image_1_1752575710780.jpg; https://eccdn.com.au/images/0401711D-AF38-4251-BCC0-3AF43EC8D0E5/0401711D-AF38-4251-BCC0-3AF43EC8D0E5_image_2_1752575710780.jpg; https://eccdn.com.au/images/0401711D-AF38-4251-BCC0-3AF43EC8D0E5/0401711D-AF38-4251-BCC0-3AF43EC8D0E5_image_3_1752575710780.jpg,"{""friday"":""12:00 – 2:30 PM, 5:30 – 9:30 PM"",""monday"":""12:00 – 2:30 PM, 5:30 – 9:00 PM"",""sunday"":""5:30 – 9:00 PM"",""tuesday"":""12:00 – 2:30 PM, 5:30 – 9:00 PM"",""saturday"":""12:00 – 2:30 PM, 5:30 – 9:30 PM"",""thursday"":""12:00 – 2:30 PM, 5:30 – 9:00 PM"",""wednesday"":""12:00 – 2:30 PM, 5:30 – 9:00 PM""}",-35.2788496,149.1287872,2026-01-07T23:21:31.106Z,2026-01-08T00:57:26.391Z
735,Ureshii Japanese Restaurant,Greenway,"SouthPoint G U 22/210 Anketell St, Greenway ACT 2900, Australia",Asian,(02) 6182 8171,,https://eatclub.com.au/venue/ureshii-japanese-restaurant,,,,[object Object],,,https://eccdn.com.au/images/ADF482CE-E20C-4F0F-A1F6-813FEA794694/ADF482CE-E20C-4F0F-A1F6-813FEA794694_image_0_1763598962225.jpg; https://eatclub.com.au/_next/static/media/eatclub.305f8e86.svg; https://eccdn.com.au/images/ADF482CE-E20C-4F0F-A1F6-813FEA794694/ADF482CE-E20C-4F0F-A1F6-813FEA794694_image_2_1763599034457.jpg; https://eccdn.com.au/images/ADF482CE-E20C-4F0F-A1F6-813FEA794694/ADF482CE-E20C-4F0F-A1F6-813FEA794694_image_4_1763599116206.jpg; https://eccdn.com.au/images/ADF482CE-E20C-4F0F-A1F6-813FEA794694/ADF482CE-E20C-4F0F-A1F6-813FEA794694_image_2_1763599116206.jpg; https://eccdn.com.au/images/ADF482CE-E20C-4F0F-A1F6-813FEA794694/ADF482CE-E20C-4F0F-A1F6-813FEA794694_image_3_1763599116206.jpg,"{""friday"":""11:30 AM – 3:00 PM, 5:30 – 9:00 PM"",""monday"":""11:30 AM – 3:00 PM, 5:30 – 9:00 PM"",""sunday"":""11:30 AM – 3:00 PM, 5:30 – 9:00 PM"",""tuesday"":""11:30 AM – 3:00 PM, 5:30 – 9:00 PM"",""saturday"":""11:30 AM – 3:00 PM, 5:30 – 9:00 PM"",""thursday"":""11:30 AM – 3:00 PM, 5:30 – 9:00 PM"",""wednesday"":""11:30 AM – 3:00 PM, 5:30 – 9:00 PM""}",-35.4165348,149.0681032,2026-01-07T23:21:32.564Z,2026-01-08T00:17:09.269Z
754,Kismet Turkish Gourmet,Griffith,"Shop/5 Flinders Way, Griffith ACT 3929, Australia",Mediterranean,(02) 6232 7345,,https://eatclub.com.au/venue/kismet-turkish-gourmet,,,,[object Object],,,"""https://assets.zyrosite.com/cdn-cgi/image/format=auto,w=1920,fit=crop/dWxMDaNaEWc1BOo7/kismet_sign_extended_3-dJoeV34nN3Tk0ryo.png""; https://eccdn.com.au/images/D9940CB3-6C76-4EE0-8ADE-CB0FD024C859/D9940CB3-6C76-4EE0-8ADE-CB0FD024C859_image_4_1763075556922.jpg; https://eatclub.com.au/_next/static/media/eatclub.305f8e86.svg; https://eccdn.com.au/images/D9940CB3-6C76-4EE0-8ADE-CB0FD024C859/D9940CB3-6C76-4EE0-8ADE-CB0FD024C859_image_4_1763075585567.jpg; https://eccdn.com.au/images/D9940CB3-6C76-4EE0-8ADE-CB0FD024C859/D9940CB3-6C76-4EE0-8ADE-CB0FD024C859_image_4_1760416136620.jpg; https://eccdn.com.au/images/D9940CB3-6C76-4EE0-8ADE-CB0FD024C859/D9940CB3-6C76-4EE0-8ADE-CB0FD024C859_image_0_1760416119822.jpg; https://eccdn.com.au/images/D9940CB3-6C76-4EE0-8ADE-CB0FD024C859/D9940CB3-6C76-4EE0-8ADE-CB0FD024C859_image_4_1760416203401.jpg","{""friday"":""10:30 AM – 10:00 PM"",""monday"":""10:30 AM – 9:00 PM"",""sunday"":""10:30 AM – 7:00 PM"",""tuesday"":""10:30 AM – 9:00 PM"",""saturday"":""10:30 AM – 10:00 PM"",""thursday"":""10:30 AM – 9:00 PM"",""wednesday"":""10:30 AM – 9:00 PM""}",-35.3204550,149.1334203,2026-01-07T23:21:33.728Z,2026-01-08T00:17:14.265Z
747,Grease Monkey Gungahlin,Gungahlin,"Shop 63/33 Hibberson St, Gungahlin ACT 2912, Australia",American,(02) 6103 0887,,https://eatclub.com.au/venue/grease-monkey-gungahlin,,,,[object Object]; [object Object]; [object Object],,$$,https://eccdn.com.au/images/4D98B0A6-7F05-4114-A8A7-DBF648D4DE48/4D98B0A6-7F05-4114-A8A7-DBF648D4DE48_image_3_1763700478722.jpg; https://eatclub.com.au/_next/static/media/eatclub.305f8e86.svg; https://eccdn.com.au/images/4D98B0A6-7F05-4114-A8A7-DBF648D4DE48/4D98B0A6-7F05-4114-A8A7-DBF648D4DE48_image_4_1763696319935.jpg; https://eccdn.com.au/images/4D98B0A6-7F05-4114-A8A7-DBF648D4DE48/4D98B0A6-7F05-4114-A8A7-DBF648D4DE48_image_1_1763700478722.jpg; https://eccdn.com.au/images/4D98B0A6-7F05-4114-A8A7-DBF648D4DE48/4D98B0A6-7F05-4114-A8A7-DBF648D4DE48_image_2_1763700478722.jpg; https://eccdn.com.au/images/4D98B0A6-7F05-4114-A8A7-DBF648D4DE48/4D98B0A6-7F05-4114-A8A7-DBF648D4DE48_image_4_1763700478722.jpg,"{""friday"":""11:00 AM – 9:30 PM"",""monday"":""11:00 AM – 9:00 PM"",""sunday"":""11:00 AM – 9:00 PM"",""tuesday"":""11:00 AM – 9:00 PM"",""saturday"":""11:00 AM – 9:30 PM"",""thursday"":""11:00 AM – 9:00 PM"",""wednesday"":""11:00 AM – 9:00 PM""}",-35.1851604,149.1346924,2026-01-07T23:21:33.271Z,2026-01-08T00:57:28.171Z
766,Timur Restaurant,Greenway,"Shop 5/146 Scollay St, Greenway ACT 2900, Australia",,0404 642 418,,https://eatclub.com.au/venue/timur-restaurant,,,,[object Object],,,https://eccdn.com.au/images/7B9141F3-6C31-4683-B591-5AAC4CEF2C13/7B9141F3-6C31-4683-B591-5AAC4CEF2C13_image_4_1763075289223.jpg; https://eatclub.com.au/_next/static/media/eatclub.305f8e86.svg; https://eccdn.com.au/images/7B9141F3-6C31-4683-B591-5AAC4CEF2C13/7B9141F3-6C31-4683-B591-5AAC4CEF2C13_image_4_1763032892931.jpg; https://eccdn.com.au/images/7B9141F3-6C31-4683-B591-5AAC4CEF2C13/7B9141F3-6C31-4683-B591-5AAC4CEF2C13_image_4_1763075368141.jpg; https://eccdn.com.au/images/7B9141F3-6C31-4683-B591-5AAC4CEF2C13/7B9141F3-6C31-4683-B591-5AAC4CEF2C13_image_1_1763075289223.jpg; https://eccdn.com.au/images/7B9141F3-6C31-4683-B591-5AAC4CEF2C13/7B9141F3-6C31-4683-B591-5AAC4CEF2C13_image_3_1763075289223.jpg,"{""friday"":""5:00 – 9:00 PM"",""monday"":""CLOSED"",""sunday"":""5:00 – 9:00 PM"",""tuesday"":""5:00 – 9:00 PM"",""saturday"":""5:00 – 9:00 PM"",""thursday"":""5:00 – 9:00 PM"",""wednesday"":""5:00 – 9:00 PM""}",-35.4183766,149.0660499,2026-01-07T23:21:34.452Z,2026-01-08T00:17:15.900Z
841,The Hungry Buddha,Belconnen,"Unit 8/8 Luxton St, Belconnen ACT 2617, Australia",,(02) 5136 9017,,https://eatclub.com.au/venue/the-hungry-buddha,,,,[object Object],,$$,https://img1.wsimg.com/isteam/ip/bc33cd88-ff1e-4446-8dab-012f856aa2fe/IMG_0193.jpeg; https://eccdn.com.au/images/EC2C8C43-8BCE-43D6-BF5C-31C44F623197/EC2C8C43-8BCE-43D6-BF5C-31C44F623197_image_0_1761552413340.jpg; https://eatclub.com.au/_next/static/media/eatclub.305f8e86.svg; https://eccdn.com.au/images/EC2C8C43-8BCE-43D6-BF5C-31C44F623197/EC2C8C43-8BCE-43D6-BF5C-31C44F623197_image_4_1761552895126.jpg; https://eccdn.com.au/images/EC2C8C43-8BCE-43D6-BF5C-31C44F623197/EC2C8C43-8BCE-43D6-BF5C-31C44F623197_image_1_1761552648577.jpg; https://eccdn.com.au/images/EC2C8C43-8BCE-43D6-BF5C-31C44F623197/EC2C8C43-8BCE-43D6-BF5C-31C44F623197_image_2_1761552658990.jpg; https://eccdn.com.au/images/EC2C8C43-8BCE-43D6-BF5C-31C44F623197/EC2C8C43-8BCE-43D6-BF5C-31C44F623197_image_3_1761552885285.jpg,"{""friday"":""5:00 – 10:00 PM"",""monday"":""5:00 – 9:45 PM"",""sunday"":""5:00 – 9:45 PM"",""tuesday"":""5:00 – 9:45 PM"",""saturday"":""5:00 – 10:00 PM"",""thursday"":""5:00 – 9:45 PM"",""wednesday"":""5:00 – 9:45 PM""}",-35.2363634,149.0597435,2026-01-07T23:21:38.926Z,2026-01-08T00:17:20.256Z
890,Briscola Italian,Canberra,"60 Alinga St, Canberra ACT 2601, Australia",Italian,(02) 6248 5444,,https://eatclub.com.au/venue/briscola-italian,,,,[object Object],,$$,https://eccdn.com.au/images/F195550B-DBFB-4833-88DD-F7D22E1067F7/F195550B-DBFB-4833-88DD-F7D22E1067F7_image_0_1737076842296.jpg; https://eatclub.com.au/_next/static/media/eatclub.305f8e86.svg; https://eccdn.com.au/images/F195550B-DBFB-4833-88DD-F7D22E1067F7/F195550B-DBFB-4833-88DD-F7D22E1067F7_image_4_1737076857246.jpg; https://eccdn.com.au/images/F195550B-DBFB-4833-88DD-F7D22E1067F7/F195550B-DBFB-4833-88DD-F7D22E1067F7_image_1_1737076842296.jpg; https://eccdn.com.au/images/F195550B-DBFB-4833-88DD-F7D22E1067F7/F195550B-DBFB-4833-88DD-F7D22E1067F7_image_3_1737076842296.jpg; https://eccdn.com.au/images/F195550B-DBFB-4833-88DD-F7D22E1067F7/F195550B-DBFB-4833-88DD-F7D22E1067F7_image_2_1737076842296.jpg,"{""friday"":""12:00 – 2:00 PM, 5:30 – 9:00 PM"",""monday"":""5:30 – 8:30 PM"",""sunday"":""12:00 – 2:00 PM, 5:30 – 8:30 PM"",""tuesday"":""12:00 – 2:00 PM, 5:30 – 8:30 PM"",""saturday"":""12:00 – 2:00 PM, 5:30 – 9:00 PM"",""thursday"":""12:00 – 2:00 PM, 5:30 – 8:30 PM"",""wednesday"":""12:00 – 2:00 PM, 5:30 – 8:30 PM""}",-35.2784831,149.1283023,2026-01-07T23:21:41.894Z,2026-01-08T00:17:23.211Z
1061,Hopscotch Bar,Braddon,,,,,https://eatclub.com.au/venue/hopscotch-bar,,,,[object Object]; [object Object],,,https://eccdn.com.au/images/D5EDE729-4CD9-41E5-9B2E-8AAA48B80054/D5EDE729-4CD9-41E5-9B2E-8AAA48B80054_image_1_1724852032248.jpg; https://eatclub.com.au/_next/static/media/eatclub.305f8e86.svg; https://eccdn.com.au/images/D5EDE729-4CD9-41E5-9B2E-8AAA48B80054/D5EDE729-4CD9-41E5-9B2E-8AAA48B80054_image_0_1724852032248.jpg; https://eccdn.com.au/images/D5EDE729-4CD9-41E5-9B2E-8AAA48B80054/D5EDE729-4CD9-41E5-9B2E-8AAA48B80054_image_4_1724852050214.jpg; https://eccdn.com.au/images/D5EDE729-4CD9-41E5-9B2E-8AAA48B80054/D5EDE729-4CD9-41E5-9B2E-8AAA48B80054_image_3_1724852032248.jpg; https://eccdn.com.au/images/D5EDE729-4CD9-41E5-9B2E-8AAA48B80054/D5EDE729-4CD9-41E5-9B2E-8AAA48B80054_image_2_1724852032248.jpg,{},,,2026-01-07T23:21:52.502Z,2026-01-08T00:17:49.427Z
930,7 Village Indian Restaurant,Dickson,"75/2 Cape St, Dickson ACT 2602, Australia","Indian, Asian",(02) 6262 8860,,https://eatclub.com.au/venue/7-village-indian-restaurant,,,,[object Object],,$$,https://www.fbgcdn.com/pictures/3e14f29d-e9df-43a3-bc71-0b6f76f62b5b.jpg; https://eccdn.com.au/images/10606180-29A8-4A8D-9ED7-BBB2989BC927/10606180-29A8-4A8D-9ED7-BBB2989BC927_image_1_1760351026273.jpg; https://eatclub.com.au/_next/static/media/eatclub.305f8e86.svg; https://eccdn.com.au/images/10606180-29A8-4A8D-9ED7-BBB2989BC927/10606180-29A8-4A8D-9ED7-BBB2989BC927_image_4_1760351496784.jpg; https://eccdn.com.au/images/10606180-29A8-4A8D-9ED7-BBB2989BC927/10606180-29A8-4A8D-9ED7-BBB2989BC927_image_0_1760351026273.jpg; https://eccdn.com.au/images/10606180-29A8-4A8D-9ED7-BBB2989BC927/10606180-29A8-4A8D-9ED7-BBB2989BC927_image_2_1760351091533.jpg; https://eccdn.com.au/images/10606180-29A8-4A8D-9ED7-BBB2989BC927/10606180-29A8-4A8D-9ED7-BBB2989BC927_image_3_1760351367020.jpg,"{""friday"":""12:00 – 2:00 PM, 5:00 – 10:00 PM"",""monday"":""5:00 – 10:00 PM"",""sunday"":""5:00 – 10:00 PM"",""tuesday"":""5:00 – 10:00 PM"",""saturday"":""5:00 – 10:00 PM"",""thursday"":""12:00 – 2:00 PM, 5:00 – 10:00 PM"",""wednesday"":""12:00 – 2:00 PM, 5:00 – 10:00 PM""}",-35.2513769,149.1363013,2026-01-07T23:21:44.315Z,2026-01-08T00:17:26.028Z
958,OOSHMAN Dickson,Dickson,"G7/6 Cape St, Dickson ACT 2602, Australia",,(02) 6188 8599,,https://eatclub.com.au/venue/ooshman-dickson,,,,[object Object]; [object Object],,,https://ooshman.au/wp-content/uploads/2025/07/open-banner-image1.png; https://eccdn.com.au/images/1F5DEC71-8202-44B0-9A41-0B1AB9356A07/1F5DEC71-8202-44B0-9A41-0B1AB9356A07_image_3_1763374188717.jpg; https://eatclub.com.au/_next/static/media/eatclub.305f8e86.svg; https://eccdn.com.au/images/1F5DEC71-8202-44B0-9A41-0B1AB9356A07/1F5DEC71-8202-44B0-9A41-0B1AB9356A07_image_4_1763374374640.jpg; https://eccdn.com.au/images/1F5DEC71-8202-44B0-9A41-0B1AB9356A07/1F5DEC71-8202-44B0-9A41-0B1AB9356A07_image_2_1763374188717.jpg; https://eccdn.com.au/images/1F5DEC71-8202-44B0-9A41-0B1AB9356A07/1F5DEC71-8202-44B0-9A41-0B1AB9356A07_image_1_1763374188717.jpg; https://eccdn.com.au/images/1F5DEC71-8202-44B0-9A41-0B1AB9356A07/1F5DEC71-8202-44B0-9A41-0B1AB9356A07_image_0_1763374188717.jpg,"{""friday"":""10:00 AM – 11:30 PM"",""monday"":""10:00 AM – 10:30 PM"",""sunday"":""10:00 AM – 10:30 PM"",""tuesday"":""10:00 AM – 10:30 PM"",""saturday"":""10:00 AM – 11:30 PM"",""thursday"":""10:00 AM – 10:30 PM"",""wednesday"":""10:00 AM – 10:30 PM""}",-35.2515734,149.1370319,2026-01-07T23:21:46.238Z,2026-01-08T00:17:31.970Z
1064,Kivotos Wine Bar,Braddon,,,,,https://eatclub.com.au/venue/kivotos-wine-bar,,,,[object Object]; [object Object],,,https://eccdn.com.au/images/A717DEC3-937C-48AB-851C-D8B1AE77FD4E/A717DEC3-937C-48AB-851C-D8B1AE77FD4E_image_0_1724942157425.jpg; https://eatclub.com.au/_next/static/media/eatclub.305f8e86.svg; https://eccdn.com.au/images/A717DEC3-937C-48AB-851C-D8B1AE77FD4E/A717DEC3-937C-48AB-851C-D8B1AE77FD4E_image_4_1724942181374.jpg; https://eccdn.com.au/images/A717DEC3-937C-48AB-851C-D8B1AE77FD4E/A717DEC3-937C-48AB-851C-D8B1AE77FD4E_image_1_1724942157425.jpg; https://eccdn.com.au/images/A717DEC3-937C-48AB-851C-D8B1AE77FD4E/A717DEC3-937C-48AB-851C-D8B1AE77FD4E_image_2_1724942157425.jpg; https://eccdn.com.au/images/A717DEC3-937C-48AB-851C-D8B1AE77FD4E/A717DEC3-937C-48AB-851C-D8B1AE77FD4E_image_3_1724942157425.jpg,{},,,2026-01-07T23:21:52.695Z,2026-01-08T00:17:53.077Z
1017,Chalisa Indian Restaurant,Greenway,"South. Point Town Centre, 9e/210 Anketell St, Greenway ACT 2900, Australia","Indian, Asian",(02) 6293 1711,,https://eatclub.com.au/venue/chalisa-indian-restaurant,,,,[object Object],https://www.firsttable.com.au/canberra/greenway/chalisa-indian-restaurant,$$,https://assets.foodhub.com/static/693e253681eeebc4735462e5800957cd/img/1763970199phpf56VKh.jpg; https://eccdn.com.au/images/D37598EB-571B-4671-BBBF-76C70D8022DA/D37598EB-571B-4671-BBBF-76C70D8022DA_image_0_1763600120579.jpg; https://eatclub.com.au/_next/static/media/eatclub.305f8e86.svg; https://eccdn.com.au/images/D37598EB-571B-4671-BBBF-76C70D8022DA/D37598EB-571B-4671-BBBF-76C70D8022DA_image_4_1763600195045.jpg; https://eccdn.com.au/images/D37598EB-571B-4671-BBBF-76C70D8022DA/D37598EB-571B-4671-BBBF-76C70D8022DA_image_1_1763600136829.jpg; https://eccdn.com.au/images/D37598EB-571B-4671-BBBF-76C70D8022DA/D37598EB-571B-4671-BBBF-76C70D8022DA_image_2_1763600169812.jpg; https://eccdn.com.au/images/D37598EB-571B-4671-BBBF-76C70D8022DA/D37598EB-571B-4671-BBBF-76C70D8022DA_image_3_1763600169812.jpg,"{""friday"":""10:30 AM – 9:00 PM"",""monday"":""10:30 AM – 9:00 PM"",""sunday"":""4:30 – 9:00 PM"",""tuesday"":""10:30 AM – 9:00 PM"",""saturday"":""4:30 – 9:00 PM"",""thursday"":""10:30 AM – 9:00 PM"",""wednesday"":""10:30 AM – 9:00 PM""}",-35.4153174,149.0672116,2026-01-07T23:21:49.756Z,2026-01-08T00:17:36.221Z
1054,Wine Room,Braddon,,,,,https://eatclub.com.au/venue/wine-room,,,,[object Object]; [object Object],,,https://eccdn.com.au/images/2C664526-22D7-48F1-BD84-7935C62876C2/2C664526-22D7-48F1-BD84-7935C62876C2_image_4_1761899634345.jpg; https://eatclub.com.au/_next/static/media/eatclub.305f8e86.svg; https://eccdn.com.au/images/2C664526-22D7-48F1-BD84-7935C62876C2/2C664526-22D7-48F1-BD84-7935C62876C2_image_0_1761899588547.jpg; https://eccdn.com.au/images/2C664526-22D7-48F1-BD84-7935C62876C2/2C664526-22D7-48F1-BD84-7935C62876C2_image_4_1761899882722.jpg; https://eccdn.com.au/images/2C664526-22D7-48F1-BD84-7935C62876C2/2C664526-22D7-48F1-BD84-7935C62876C2_image_4_1761900049517.jpg; https://eccdn.com.au/images/2C664526-22D7-48F1-BD84-7935C62876C2/2C664526-22D7-48F1-BD84-7935C62876C2_image_4_1761899814432.jpg,{},,,2026-01-07T23:21:52.078Z,2026-01-08T00:57:37.544Z
1058,Dosa Hut - Canberra,Canberra,,,,,https://eatclub.com.au/venue/dosa-hut-canberra,,,,[object Object]; [object Object],,,https://eccdn.com.au/images/FBEE0A5B-A856-49D1-9020-5952B33F3B88/FBEE0A5B-A856-49D1-9020-5952B33F3B88_image_3_1724915257588.jpg; https://eatclub.com.au/_next/static/media/eatclub.305f8e86.svg; https://eccdn.com.au/images/FBEE0A5B-A856-49D1-9020-5952B33F3B88/FBEE0A5B-A856-49D1-9020-5952B33F3B88_image_2_1724915257588.jpg; https://eccdn.com.au/images/FBEE0A5B-A856-49D1-9020-5952B33F3B88/FBEE0A5B-A856-49D1-9020-5952B33F3B88_image_0_1724915257588.jpg; https://eccdn.com.au/images/FBEE0A5B-A856-49D1-9020-5952B33F3B88/FBEE0A5B-A856-49D1-9020-5952B33F3B88_image_4_1724915271502.jpg; https://eccdn.com.au/images/FBEE0A5B-A856-49D1-9020-5952B33F3B88/FBEE0A5B-A856-49D1-9020-5952B33F3B88_image_1_1724915257588.jpg,{},,,2026-01-07T23:21:52.326Z,2026-01-08T00:17:46.374Z
1078,Kagawa Japanese Restaurant,Dickson,,,,,https://eatclub.com.au/venue/kagawa-japanese-restaurant,,,,[object Object]; [object Object],,,https://eccdn.com.au/images/8F1B1AFC-886A-4E5B-AFE2-CF6297C338E0/8F1B1AFC-886A-4E5B-AFE2-CF6297C338E0_image_0_1724763463856.jpg; https://eatclub.com.au/_next/static/media/eatclub.305f8e86.svg; https://eccdn.com.au/images/8F1B1AFC-886A-4E5B-AFE2-CF6297C338E0/8F1B1AFC-886A-4E5B-AFE2-CF6297C338E0_image_4_1724763480356.jpg; https://eccdn.com.au/images/8F1B1AFC-886A-4E5B-AFE2-CF6297C338E0/8F1B1AFC-886A-4E5B-AFE2-CF6297C338E0_image_1_1724763463856.jpg; https://eccdn.com.au/images/8F1B1AFC-886A-4E5B-AFE2-CF6297C338E0/8F1B1AFC-886A-4E5B-AFE2-CF6297C338E0_image_3_1724763463856.jpg; https://eccdn.com.au/images/8F1B1AFC-886A-4E5B-AFE2-CF6297C338E0/8F1B1AFC-886A-4E5B-AFE2-CF6297C338E0_image_2_1724763463856.jpg,{},,,2026-01-07T23:21:53.538Z,2026-01-08T00:18:01.938Z
1196,East Row Cafe,Canberra,"Shop 2/121 London Cct, Canberra ACT 2601, Australia",Cafe,0426 502 102,,https://eatclub.com.au/venue/east-row-cafe,,,,[object Object],,$$,https://eccdn.com.au/images/3368EF3A-D7C2-4837-8C45-93D11B7BAE4D/3368EF3A-D7C2-4837-8C45-93D11B7BAE4D_image_0_1757389780353.jpg; https://eatclub.com.au/_next/static/media/eatclub.305f8e86.svg; https://eccdn.com.au/images/3368EF3A-D7C2-4837-8C45-93D11B7BAE4D/3368EF3A-D7C2-4837-8C45-93D11B7BAE4D_image_4_1757469575988.jpg; https://eccdn.com.au/images/3368EF3A-D7C2-4837-8C45-93D11B7BAE4D/3368EF3A-D7C2-4837-8C45-93D11B7BAE4D_image_4_1757469404172.jpg; https://eccdn.com.au/images/3368EF3A-D7C2-4837-8C45-93D11B7BAE4D/3368EF3A-D7C2-4837-8C45-93D11B7BAE4D_image_3_1757389780353.jpg; https://eccdn.com.au/images/3368EF3A-D7C2-4837-8C45-93D11B7BAE4D/3368EF3A-D7C2-4837-8C45-93D11B7BAE4D_image_4_1757469469332.jpg,"{""friday"":""7:30 AM – 2:30 PM"",""monday"":""7:30 AM – 2:30 PM"",""sunday"":""8:00 AM – 2:30 PM"",""tuesday"":""7:30 AM – 2:30 PM"",""saturday"":""8:00 AM – 2:30 PM"",""thursday"":""7:30 AM – 2:30 PM"",""wednesday"":""7:30 AM – 2:30 PM""}",-35.2795276,149.1302077,2026-01-07T23:22:01.086Z,2026-01-08T00:18:03.544Z
1067,de’ Loca Fusion,Dickson,"Unit C20/23 Challis St, Dickson ACT 2602, Australia",Fusion,0422 865 580,,https://eatclub.com.au/venue/de-loca-fusion,,,,[object Object]; [object Object],,,https://eccdn.com.au/images/1D33E6A0-948F-40F4-88BF-71A7BBD7D830/1D33E6A0-948F-40F4-88BF-71A7BBD7D830_image_2_1759884378939.jpg; https://eatclub.com.au/_next/static/media/eatclub.305f8e86.svg; https://eccdn.com.au/images/1D33E6A0-948F-40F4-88BF-71A7BBD7D830/1D33E6A0-948F-40F4-88BF-71A7BBD7D830_image_4_1761118271317.jpg; https://eccdn.com.au/images/1D33E6A0-948F-40F4-88BF-71A7BBD7D830/1D33E6A0-948F-40F4-88BF-71A7BBD7D830_image_0_1759884378939.jpg; https://eccdn.com.au/images/1D33E6A0-948F-40F4-88BF-71A7BBD7D830/1D33E6A0-948F-40F4-88BF-71A7BBD7D830_image_1_1759884378939.jpg; https://eccdn.com.au/images/1D33E6A0-948F-40F4-88BF-71A7BBD7D830/1D33E6A0-948F-40F4-88BF-71A7BBD7D830_image_3_1759884449093.jpg,"{""friday"":""7:30 AM – 3:00 PM, 5:00 – 9:00 PM"",""monday"":""7:30 AM – 3:00 PM, 5:00 – 9:00 PM"",""sunday"":""8:00 AM – 9:00 PM"",""tuesday"":""7:30 AM – 3:00 PM, 5:00 – 9:00 PM"",""saturday"":""8:00 AM – 9:00 PM"",""thursday"":""7:30 AM – 3:00 PM, 5:00 – 9:00 PM"",""wednesday"":""7:30 AM – 3:00 PM, 5:00 – 9:00 PM""}",-35.2499702,149.1349723,2026-01-07T23:21:52.877Z,2026-01-08T00:57:38.760Z
1241,Namashkar Restaurant,Greenway,"Unit 329/335 Anketell St, Greenway ACT 2900, Australia",,0480 657 542,,https://eatclub.com.au/venue/namashkar-restaurant,,,,[object Object],,,https://eccdn.com.au/images/FEB2E59C-A226-45DD-A5E3-546579B1F80D/FEB2E59C-A226-45DD-A5E3-546579B1F80D_image_1_1763568442827.jpg; https://eatclub.com.au/_next/static/media/eatclub.305f8e86.svg; https://eccdn.com.au/images/FEB2E59C-A226-45DD-A5E3-546579B1F80D/FEB2E59C-A226-45DD-A5E3-546579B1F80D_image_4_1763568465095.jpg; https://eccdn.com.au/images/FEB2E59C-A226-45DD-A5E3-546579B1F80D/FEB2E59C-A226-45DD-A5E3-546579B1F80D_image_0_1763568442827.jpg; https://eccdn.com.au/images/FEB2E59C-A226-45DD-A5E3-546579B1F80D/FEB2E59C-A226-45DD-A5E3-546579B1F80D_image_2_1763568442827.jpg; https://eccdn.com.au/images/FEB2E59C-A226-45DD-A5E3-546579B1F80D/FEB2E59C-A226-45DD-A5E3-546579B1F80D_image_3_1763568465095.jpg,{},-35.4224213,149.0730297,2026-01-07T23:22:03.928Z,2026-01-08T00:18:50.285Z
1197,White Rabbit Cocktail Room,Canberra,"65 Northbourne Ave, Canberra ACT 2601, Australia",,,,https://eatclub.com.au/venue/white-rabbit-cocktail-room,,,,[object Object],,$$$,https://www.whiterabbitroom.com.au/wp-content/uploads/2017/11/download-drink-1.jpg; https://eccdn.com.au/images/C09C1BF7-03CB-48B9-A915-650D37149F33/C09C1BF7-03CB-48B9-A915-650D37149F33_image_3_1764283728899.jpg; https://eatclub.com.au/_next/static/media/eatclub.305f8e86.svg; https://eccdn.com.au/images/C09C1BF7-03CB-48B9-A915-650D37149F33/C09C1BF7-03CB-48B9-A915-650D37149F33_image_2_1764260491544.jpg; https://eccdn.com.au/images/C09C1BF7-03CB-48B9-A915-650D37149F33/C09C1BF7-03CB-48B9-A915-650D37149F33_image_1_1764283676851.jpg; https://eccdn.com.au/images/C09C1BF7-03CB-48B9-A915-650D37149F33/C09C1BF7-03CB-48B9-A915-650D37149F33_image_4_1764283744849.jpg; https://eccdn.com.au/images/C09C1BF7-03CB-48B9-A915-650D37149F33/C09C1BF7-03CB-48B9-A915-650D37149F33_image_2_1764283697100.jpg,"{""friday"":""4:00 PM – 1:00 AM"",""monday"":""CLOSED"",""sunday"":""2:00 – 5:00 PM"",""tuesday"":""CLOSED"",""saturday"":""11:30 AM – 2:30 PM, 3:00 PM – 1:00 AM"",""thursday"":""4:00 – 11:00 PM"",""wednesday"":""4:00 – 11:00 PM""}",-35.2777943,149.1288518,2026-01-07T23:22:01.147Z,2026-01-08T00:18:09.745Z
1198,The Glasshouse Cafe,Canberra,"10 Binara St, Canberra ACT 2601, Australia",Cafe,(02) 6162 1155,,https://eatclub.com.au/venue/the-glasshouse-cafe,,,,[object Object],,$$,https://lirp.cdn-website.com/baca654c/dms3rep/multi/opt/bg_images_outside-1+%281%29-1920w.jpg; https://eccdn.com.au/images/96D4A6C6-D308-4BE0-A56B-392AE50C1F0A/96D4A6C6-D308-4BE0-A56B-392AE50C1F0A_image_1_1763082732034.jpg; https://eatclub.com.au/_next/static/media/eatclub.305f8e86.svg; https://eccdn.com.au/images/96D4A6C6-D308-4BE0-A56B-392AE50C1F0A/96D4A6C6-D308-4BE0-A56B-392AE50C1F0A_image_0_1763082599353.jpg; https://eccdn.com.au/images/96D4A6C6-D308-4BE0-A56B-392AE50C1F0A/96D4A6C6-D308-4BE0-A56B-392AE50C1F0A_image_4_1763082732034.jpg; https://eccdn.com.au/images/96D4A6C6-D308-4BE0-A56B-392AE50C1F0A/96D4A6C6-D308-4BE0-A56B-392AE50C1F0A_image_2_1763082732034.jpg; https://eccdn.com.au/images/96D4A6C6-D308-4BE0-A56B-392AE50C1F0A/96D4A6C6-D308-4BE0-A56B-392AE50C1F0A_image_3_1763082732034.jpg,"{""friday"":""7:00 AM – 4:00 PM"",""monday"":""7:00 AM – 4:00 PM"",""sunday"":""CLOSED"",""tuesday"":""7:00 AM – 4:00 PM"",""saturday"":""8:00 AM – 1:00 PM"",""thursday"":""7:00 AM – 4:00 PM"",""wednesday"":""7:00 AM – 4:00 PM""}",-35.2819228,149.1339465,2026-01-07T23:22:01.205Z,2026-01-08T00:18:11.345Z
1202,The Druk Family Restaurant,Mawson,"Swinger Hill, Shop 15/84 Ainsworth St, Mawson ACT 2607, Australia",,(02) 6284 2970,,https://eatclub.com.au/venue/the-druk-family-restaurant,,,,[object Object],,,https://eccdn.com.au/images/DB67DACF-7F57-40DC-9108-0167A9609856/DB67DACF-7F57-40DC-9108-0167A9609856_image_3_1764172800671.jpg; https://eatclub.com.au/_next/static/media/eatclub.305f8e86.svg; https://eccdn.com.au/images/DB67DACF-7F57-40DC-9108-0167A9609856/DB67DACF-7F57-40DC-9108-0167A9609856_image_4_1764172822570.jpg; https://eccdn.com.au/images/DB67DACF-7F57-40DC-9108-0167A9609856/DB67DACF-7F57-40DC-9108-0167A9609856_image_4_1764196538615.jpg; https://eccdn.com.au/images/DB67DACF-7F57-40DC-9108-0167A9609856/DB67DACF-7F57-40DC-9108-0167A9609856_image_1_1764172800671.jpg; https://eccdn.com.au/images/DB67DACF-7F57-40DC-9108-0167A9609856/DB67DACF-7F57-40DC-9108-0167A9609856_image_2_1764172800671.jpg,"{""friday"":""4:00 – 9:00 PM"",""monday"":""4:00 – 9:00 PM"",""sunday"":""12:00 – 9:00 PM"",""tuesday"":""4:00 – 9:00 PM"",""saturday"":""12:00 – 9:00 PM"",""thursday"":""4:00 – 9:00 PM"",""wednesday"":""4:00 – 9:00 PM""}",-35.3552710,149.0983445,2026-01-07T23:22:01.453Z,2026-01-08T00:18:14.677Z
1204,Dumpling King Canberra City,Canberra,"Grand United Building, 2/5 Garema Pl, Canberra ACT 2601, Australia",Asian,(02) 6230 5038,,https://eatclub.com.au/venue/dumpling-king-canberra-city,,,,[object Object]; [object Object],,$$,https://images.cdn-files-a.com/uploads/3704655/800_5ee093b724b93.jpg; https://eccdn.com.au/images/D8580F9F-DFD4-4A95-9B0D-BCA95286ABCB/D8580F9F-DFD4-4A95-9B0D-BCA95286ABCB_image_3_1747886614149.jpg; https://eatclub.com.au/_next/static/media/eatclub.305f8e86.svg; https://eccdn.com.au/images/D8580F9F-DFD4-4A95-9B0D-BCA95286ABCB/D8580F9F-DFD4-4A95-9B0D-BCA95286ABCB_image_4_1747886623989.jpg; https://eccdn.com.au/images/D8580F9F-DFD4-4A95-9B0D-BCA95286ABCB/D8580F9F-DFD4-4A95-9B0D-BCA95286ABCB_image_0_1747886614149.jpg; https://eccdn.com.au/images/D8580F9F-DFD4-4A95-9B0D-BCA95286ABCB/D8580F9F-DFD4-4A95-9B0D-BCA95286ABCB_image_1_1747886614149.jpg; https://eccdn.com.au/images/D8580F9F-DFD4-4A95-9B0D-BCA95286ABCB/D8580F9F-DFD4-4A95-9B0D-BCA95286ABCB_image_2_1747886614149.jpg,"{""friday"":""11:00 AM – 9:30 PM"",""monday"":""11:00 AM – 9:30 PM"",""sunday"":""11:00 AM – 9:00 PM"",""tuesday"":""11:00 AM – 9:30 PM"",""saturday"":""11:00 AM – 9:30 PM"",""thursday"":""11:00 AM – 9:30 PM"",""wednesday"":""11:00 AM – 9:30 PM""}",-35.2783966,149.1315300,2026-01-07T23:22:01.577Z,2026-01-08T00:18:16.293Z
1209,THE POET Indian restaurant,Belconnen,"41 Chandler St, Belconnen ACT 2617, Australia","Indian, Asian",(02) 6101 7748,,https://eatclub.com.au/venue/the-poet-indian-restaurant,,,,[object Object],,$$,https://www.ozfoodhunter.com.au/resources/upload_files/restaurant_logo/restaurant_logo_7335.jpg; https://eccdn.com.au/images/E2D5EA89-F12C-4208-BD1D-494AE91B8E6F/E2D5EA89-F12C-4208-BD1D-494AE91B8E6F_image_4_1761049349675.jpg; https://eatclub.com.au/_next/static/media/eatclub.305f8e86.svg; https://eccdn.com.au/images/E2D5EA89-F12C-4208-BD1D-494AE91B8E6F/E2D5EA89-F12C-4208-BD1D-494AE91B8E6F_image_3_1761057160021.jpg; https://eccdn.com.au/images/E2D5EA89-F12C-4208-BD1D-494AE91B8E6F/E2D5EA89-F12C-4208-BD1D-494AE91B8E6F_image_1_1761057160021.jpg; https://eccdn.com.au/images/E2D5EA89-F12C-4208-BD1D-494AE91B8E6F/E2D5EA89-F12C-4208-BD1D-494AE91B8E6F_image_2_1761057160021.jpg; https://eccdn.com.au/images/E2D5EA89-F12C-4208-BD1D-494AE91B8E6F/E2D5EA89-F12C-4208-BD1D-494AE91B8E6F_image_4_1761057160021.jpg,"{""friday"":""9:00 AM – 2:00 PM, 5:00 – 10:00 PM"",""monday"":""5:00 – 10:00 PM"",""sunday"":""5:00 – 10:00 PM"",""tuesday"":""5:00 – 10:00 PM"",""saturday"":""9:00 AM – 2:00 PM, 5:00 – 10:00 PM"",""thursday"":""9:00 AM – 2:00 PM, 5:00 – 10:00 PM"",""wednesday"":""5:00 – 10:00 PM""}",-35.2393052,149.0705577,2026-01-07T23:22:01.876Z,2026-01-08T00:18:17.861Z
1211,Aao Jee Traditional Indian Restaurant FRASER,Fraser,"Shop 3/4 Daley Cres, Fraser ACT 2615, Australia",Indian,(02) 6189 8981,,https://eatclub.com.au/venue/aao-jee-traditional-indian-restaurant-fraser,,,,[object Object]; [object Object],,$$,https://eccdn.com.au/images/F0501A2A-22E5-4B54-8F1F-EBAB76064413/F0501A2A-22E5-4B54-8F1F-EBAB76064413_image_0_1761641357041.jpg; https://eatclub.com.au/_next/static/media/eatclub.305f8e86.svg; https://eccdn.com.au/images/F0501A2A-22E5-4B54-8F1F-EBAB76064413/F0501A2A-22E5-4B54-8F1F-EBAB76064413_image_3_1761641412051.jpg; https://eccdn.com.au/images/F0501A2A-22E5-4B54-8F1F-EBAB76064413/F0501A2A-22E5-4B54-8F1F-EBAB76064413_image_2_1761641357041.jpg; https://eccdn.com.au/images/F0501A2A-22E5-4B54-8F1F-EBAB76064413/F0501A2A-22E5-4B54-8F1F-EBAB76064413_image_1_1761641357041.jpg; https://eccdn.com.au/images/F0501A2A-22E5-4B54-8F1F-EBAB76064413/F0501A2A-22E5-4B54-8F1F-EBAB76064413_image_4_1761641429467.jpg,"{""friday"":""5:00 – 9:30 PM"",""monday"":""5:00 – 9:00 PM"",""sunday"":""5:00 – 9:00 PM"",""tuesday"":""5:00 – 9:00 PM"",""saturday"":""5:00 – 9:30 PM"",""thursday"":""5:00 – 9:00 PM"",""wednesday"":""5:00 – 9:00 PM""}",-35.1927427,149.0435740,2026-01-07T23:22:02.000Z,2026-01-08T00:18:19.485Z
1237,Jasmine House,Gungahlin,"Ernest Cavanagh St &, Gribble St, Gungahlin ACT 2912, Australia",,(02) 6242 4788,,https://eatclub.com.au/venue/jasmine-house,,,,[object Object],,$$,https://eccdn.com.au/images/2B2ACA16-1CD4-45BC-98AF-98458255892F/2B2ACA16-1CD4-45BC-98AF-98458255892F_image_0_1762794320096.jpg; https://eatclub.com.au/_next/static/media/eatclub.305f8e86.svg; https://eccdn.com.au/images/2B2ACA16-1CD4-45BC-98AF-98458255892F/2B2ACA16-1CD4-45BC-98AF-98458255892F_image_4_1762814343356.jpg; https://eccdn.com.au/images/2B2ACA16-1CD4-45BC-98AF-98458255892F/2B2ACA16-1CD4-45BC-98AF-98458255892F_image_3_1762794655209.jpg; https://eccdn.com.au/images/2B2ACA16-1CD4-45BC-98AF-98458255892F/2B2ACA16-1CD4-45BC-98AF-98458255892F_image_2_1762814343356.jpg; https://eccdn.com.au/images/2B2ACA16-1CD4-45BC-98AF-98458255892F/2B2ACA16-1CD4-45BC-98AF-98458255892F_image_3_1762814343356.jpg,"{""friday"":""11:30 AM – 2:30 PM, 5:00 – 9:30 PM"",""monday"":""11:30 AM – 2:30 PM, 5:00 – 9:30 PM"",""sunday"":""11:30 AM – 2:30 PM, 5:00 – 9:30 PM"",""tuesday"":""11:30 AM – 2:30 PM, 5:00 – 9:30 PM"",""saturday"":""11:30 AM – 2:30 PM, 5:00 – 9:30 PM"",""thursday"":""11:30 AM – 2:30 PM, 5:00 – 9:30 PM"",""wednesday"":""CLOSED""}",-35.1836417,149.1312194,2026-01-07T23:22:03.698Z,2026-01-08T00:18:36.063Z
1221,Mookie Burger,Greenway,"South Point Mall, 13B Anketell St, Greenway ACT 2900, Australia",American,(02) 5100 8582,,https://eatclub.com.au/venue/mookie-burger,,,,[object Object],,,https://eccdn.com.au/images/8BEDA4AE-96C2-40DD-B232-7A5A9BCA9274/8BEDA4AE-96C2-40DD-B232-7A5A9BCA9274_image_0_1763516863322.jpg; https://eatclub.com.au/_next/static/media/eatclub.305f8e86.svg; https://eccdn.com.au/images/8BEDA4AE-96C2-40DD-B232-7A5A9BCA9274/8BEDA4AE-96C2-40DD-B232-7A5A9BCA9274_image_4_1763516896055.jpg; https://eccdn.com.au/images/8BEDA4AE-96C2-40DD-B232-7A5A9BCA9274/8BEDA4AE-96C2-40DD-B232-7A5A9BCA9274_image_1_1763516896055.jpg; https://eccdn.com.au/images/8BEDA4AE-96C2-40DD-B232-7A5A9BCA9274/8BEDA4AE-96C2-40DD-B232-7A5A9BCA9274_image_2_1763516896055.jpg; https://eccdn.com.au/images/8BEDA4AE-96C2-40DD-B232-7A5A9BCA9274/8BEDA4AE-96C2-40DD-B232-7A5A9BCA9274_image_3_1763516896055.jpg,"{""friday"":""12:00 – 8:30 PM"",""monday"":""4:30 – 8:30 PM"",""sunday"":""12:00 – 8:30 PM"",""tuesday"":""4:30 – 8:30 PM"",""saturday"":""12:00 – 8:30 PM"",""thursday"":""4:30 – 8:30 PM"",""wednesday"":""4:30 – 8:30 PM""}",-35.4161589,149.0678396,2026-01-07T23:22:02.656Z,2026-01-08T00:57:48.179Z
1225,Barbeque Nation,Wanniassa,"5/33, Gartside Street, Erindale Dr, Wanniassa ACT 2903, Australia",American,(02) 6296 6608,,https://eatclub.com.au/venue/barbeque-nation,,,,[object Object],,$$,https://eccdn.com.au/images/57FEB374-83BC-4F03-8F1F-9C53EAB78678/57FEB374-83BC-4F03-8F1F-9C53EAB78678_image_1_1762904233845.jpg; https://eatclub.com.au/_next/static/media/eatclub.305f8e86.svg; https://eccdn.com.au/images/57FEB374-83BC-4F03-8F1F-9C53EAB78678/57FEB374-83BC-4F03-8F1F-9C53EAB78678_image_4_1762904297562.jpg; https://eccdn.com.au/images/57FEB374-83BC-4F03-8F1F-9C53EAB78678/57FEB374-83BC-4F03-8F1F-9C53EAB78678_image_2_1762904233845.jpg; https://eccdn.com.au/images/57FEB374-83BC-4F03-8F1F-9C53EAB78678/57FEB374-83BC-4F03-8F1F-9C53EAB78678_image_3_1762904233845.jpg; https://eccdn.com.au/images/57FEB374-83BC-4F03-8F1F-9C53EAB78678/57FEB374-83BC-4F03-8F1F-9C53EAB78678_image_4_1762904233845.jpg,"{""friday"":""11:30 AM – 9:30 PM"",""monday"":""11:30 AM – 9:30 PM"",""sunday"":""11:30 AM – 9:30 PM"",""tuesday"":""11:30 AM – 9:30 PM"",""saturday"":""11:30 AM – 9:30 PM"",""thursday"":""11:30 AM – 9:30 PM"",""wednesday"":""11:30 AM – 9:30 PM""}",-35.4053270,149.1003135,2026-01-07T23:22:02.921Z,2026-01-08T00:57:48.830Z
1231,Chomolungma Nepalese Cuisine,Griffith,"38 Palmerston Ln, Griffith ACT 2603, Australia",Asian,(02) 6188 6800,,https://eatclub.com.au/venue/chomolungma-nepalese-cuisine,,,,[object Object],,$$,https://eccdn.com.au/images/748A6262-29FC-4006-86A2-CB16A2B595C2/748A6262-29FC-4006-86A2-CB16A2B595C2_image_4_1760306233016.jpg; https://eatclub.com.au/_next/static/media/eatclub.305f8e86.svg; https://eccdn.com.au/images/748A6262-29FC-4006-86A2-CB16A2B595C2/748A6262-29FC-4006-86A2-CB16A2B595C2_image_4_1760100922119.jpg; https://eccdn.com.au/images/748A6262-29FC-4006-86A2-CB16A2B595C2/748A6262-29FC-4006-86A2-CB16A2B595C2_image_4_1760306291115.jpg; https://eccdn.com.au/images/748A6262-29FC-4006-86A2-CB16A2B595C2/748A6262-29FC-4006-86A2-CB16A2B595C2_image_0_1760100909389.jpg; https://eccdn.com.au/images/748A6262-29FC-4006-86A2-CB16A2B595C2/748A6262-29FC-4006-86A2-CB16A2B595C2_image_3_1760100909389.jpg,"{""friday"":""11:00 AM – 2:30 PM, 5:00 – 9:30 PM"",""monday"":""CLOSED"",""sunday"":""5:00 – 9:30 PM"",""tuesday"":""11:00 AM – 2:30 PM, 5:00 – 9:30 PM"",""saturday"":""5:00 – 9:30 PM"",""thursday"":""11:00 AM – 2:30 PM, 5:00 – 9:30 PM"",""wednesday"":""11:00 AM – 2:30 PM, 5:00 – 9:30 PM""}",-35.3201007,149.1322768,2026-01-07T23:22:03.302Z,2026-01-08T00:18:40.936Z
1233,OOSHMAN Gungahlin,Gungahlin,"Shop 3/46 Hibberson St, Gungahlin ACT 2912, Australia",,(02) 6112 8024,,https://eatclub.com.au/venue/ooshman-gungahlin,,,,[object Object]; [object Object],,$,https://ooshman.au/wp-content/uploads/2025/07/open-banner-image1.png; https://eccdn.com.au/images/4519E85B-1FBF-4294-BBA6-5DD5D7B6178F/4519E85B-1FBF-4294-BBA6-5DD5D7B6178F_image_3_1761733450045.jpg; https://eatclub.com.au/_next/static/media/eatclub.305f8e86.svg; https://eccdn.com.au/images/4519E85B-1FBF-4294-BBA6-5DD5D7B6178F/4519E85B-1FBF-4294-BBA6-5DD5D7B6178F_image_4_1761733476058.jpg; https://eccdn.com.au/images/4519E85B-1FBF-4294-BBA6-5DD5D7B6178F/4519E85B-1FBF-4294-BBA6-5DD5D7B6178F_image_1_1761733450045.jpg; https://eccdn.com.au/images/4519E85B-1FBF-4294-BBA6-5DD5D7B6178F/4519E85B-1FBF-4294-BBA6-5DD5D7B6178F_image_2_1761733450045.jpg; https://eccdn.com.au/images/4519E85B-1FBF-4294-BBA6-5DD5D7B6178F/4519E85B-1FBF-4294-BBA6-5DD5D7B6178F_image_0_1761733450045.jpg,"{""friday"":""10:00 AM – 11:30 PM"",""monday"":""10:00 AM – 10:30 PM"",""sunday"":""10:00 AM – 10:30 PM"",""tuesday"":""10:00 AM – 10:30 PM"",""saturday"":""10:00 AM – 11:30 PM"",""thursday"":""10:00 AM – 10:30 PM"",""wednesday"":""10:00 AM – 10:30 PM""}",-35.1854805,149.1351463,2026-01-07T23:22:03.431Z,2026-01-08T00:18:43.930Z
1235,Bittersweet,Kingston,"Cusack Centre, 27 Eyre St, Kingston ACT 2604, Australia",,(02) 6101 1527,,https://eatclub.com.au/venue/bittersweet,,,,[object Object],,$$,http://static1.squarespace.com/static/6080c74c88dd590fd4f3de2b/t/6142e9d0250051577d7e3455/1632106792573/Asset+3%403x-8.png?format=1500w; https://eccdn.com.au/images/5C2ED178-54E5-4EA8-83BF-468A8D8D3BD5/5C2ED178-54E5-4EA8-83BF-468A8D8D3BD5_image_1_1761263157683.jpg; https://eatclub.com.au/_next/static/media/eatclub.305f8e86.svg; https://eccdn.com.au/images/5C2ED178-54E5-4EA8-83BF-468A8D8D3BD5/5C2ED178-54E5-4EA8-83BF-468A8D8D3BD5_image_4_1761199369500.jpg; https://eccdn.com.au/images/5C2ED178-54E5-4EA8-83BF-468A8D8D3BD5/5C2ED178-54E5-4EA8-83BF-468A8D8D3BD5_image_3_1761263157683.jpg; https://eccdn.com.au/images/5C2ED178-54E5-4EA8-83BF-468A8D8D3BD5/5C2ED178-54E5-4EA8-83BF-468A8D8D3BD5_image_4_1761263157683.jpg; https://eccdn.com.au/images/5C2ED178-54E5-4EA8-83BF-468A8D8D3BD5/5C2ED178-54E5-4EA8-83BF-468A8D8D3BD5_image_2_1761263157683.jpg,"{""friday"":""7:00 AM – 3:00 PM"",""monday"":""7:00 AM – 3:00 PM"",""sunday"":""7:00 AM – 3:00 PM"",""tuesday"":""7:00 AM – 3:00 PM"",""saturday"":""7:00 AM – 3:00 PM"",""thursday"":""7:00 AM – 3:00 PM"",""wednesday"":""7:00 AM – 3:00 PM""}",-35.3161024,149.1418723,2026-01-07T23:22:03.579Z,2026-01-08T00:18:47.169Z
1242,Tokyo Canteen,Kingston,"Shop 4/34 Eyre St, Kingston ACT 2604, Australia",,(02) 6169 6770,,https://eatclub.com.au/venue/tokyo-canteen,,,,,,$$,https://assets.foodhub.com/images/thumbnails/bbq_japanese_rice_001_1280.jpg; https://eccdn.com.au/images/A4169BAD-24C6-459C-A012-5318D273C48B/A4169BAD-24C6-459C-A012-5318D273C48B_image_4_1727187406296.jpg; https://eatclub.com.au/_next/static/media/eatclub.305f8e86.svg; https://eccdn.com.au/images/A4169BAD-24C6-459C-A012-5318D273C48B/A4169BAD-24C6-459C-A012-5318D273C48B_image_4_1729814779251.jpg; https://eccdn.com.au/images/A4169BAD-24C6-459C-A012-5318D273C48B/A4169BAD-24C6-459C-A012-5318D273C48B_image_3_1727187381962.jpg; https://eccdn.com.au/images/A4169BAD-24C6-459C-A012-5318D273C48B/A4169BAD-24C6-459C-A012-5318D273C48B_image_1_1727187381962.jpg; https://eccdn.com.au/images/A4169BAD-24C6-459C-A012-5318D273C48B/A4169BAD-24C6-459C-A012-5318D273C48B_image_0_1727187381962.jpg,"{""friday"":""11:00 AM – 8:30 PM"",""monday"":""CLOSED"",""sunday"":""10:30 AM – 3:00 PM"",""tuesday"":""11:00 AM – 8:30 PM"",""saturday"":""10:30 AM – 8:30 PM"",""thursday"":""11:00 AM – 8:30 PM"",""wednesday"":""11:00 AM – 8:30 PM""}",-35.3162307,149.1426404,2026-01-07T23:22:03.988Z,2026-01-08T00:18:51.862Z
1249,Wild Panda,Canberra,"40 Marcus Clarke St, Canberra ACT 2601, Australia",,0491 177 878,,https://eatclub.com.au/venue/wild-panda,,,,[object Object],,$,https://wildpanda.com.au/wp-content/uploads/2022/04/PNG-08.png; https://eccdn.com.au/images/7D09415B-9461-4305-9FFA-D5E9A395EE5A/7D09415B-9461-4305-9FFA-D5E9A395EE5A_image_4_1737075013813.jpg; https://eatclub.com.au/_next/static/media/eatclub.305f8e86.svg; https://eccdn.com.au/images/7D09415B-9461-4305-9FFA-D5E9A395EE5A/7D09415B-9461-4305-9FFA-D5E9A395EE5A_image_1_1737075013813.jpg; https://eccdn.com.au/images/7D09415B-9461-4305-9FFA-D5E9A395EE5A/7D09415B-9461-4305-9FFA-D5E9A395EE5A_image_4_1737075030880.jpg; https://eccdn.com.au/images/7D09415B-9461-4305-9FFA-D5E9A395EE5A/7D09415B-9461-4305-9FFA-D5E9A395EE5A_image_2_1737075013813.jpg; https://eccdn.com.au/images/7D09415B-9461-4305-9FFA-D5E9A395EE5A/7D09415B-9461-4305-9FFA-D5E9A395EE5A_image_3_1737075013813.jpg,"{""friday"":""11:00 AM – 3:00 PM, 4:00 – 9:00 PM"",""monday"":""11:00 AM – 3:00 PM, 4:00 – 9:00 PM"",""sunday"":""11:00 AM – 9:00 PM"",""tuesday"":""11:00 AM – 3:00 PM, 4:00 – 9:00 PM"",""saturday"":""11:00 AM – 9:00 PM"",""thursday"":""11:00 AM – 3:00 PM, 4:00 – 9:00 PM"",""wednesday"":""11:00 AM – 3:00 PM, 4:00 – 9:00 PM""}",-35.2785812,149.1268046,2026-01-07T23:22:04.430Z,2026-01-08T00:18:53.289Z
1292,BAD BUNNY EATERY,Canberra,"21 Genge St, Canberra ACT 2601, Australia",,0433 666 693,,https://eatclub.com.au/venue/bad-bunny-eatery,,,,[object Object],,,https://badbunnyeatery.com/icon_apple.png; https://eccdn.com.au/images/FBD2CE3A-CF82-442E-90A4-D7C132EA548F/FBD2CE3A-CF82-442E-90A4-D7C132EA548F_image_4_1763517557627.jpg; https://eatclub.com.au/_next/static/media/eatclub.305f8e86.svg; https://eccdn.com.au/images/FBD2CE3A-CF82-442E-90A4-D7C132EA548F/FBD2CE3A-CF82-442E-90A4-D7C132EA548F_image_1_1763517378542.jpg; https://eccdn.com.au/images/FBD2CE3A-CF82-442E-90A4-D7C132EA548F/FBD2CE3A-CF82-442E-90A4-D7C132EA548F_image_2_1763517408376.jpg; https://eccdn.com.au/images/FBD2CE3A-CF82-442E-90A4-D7C132EA548F/FBD2CE3A-CF82-442E-90A4-D7C132EA548F_image_3_1763517426342.jpg; https://eccdn.com.au/images/FBD2CE3A-CF82-442E-90A4-D7C132EA548F/FBD2CE3A-CF82-442E-90A4-D7C132EA548F_image_4_1763517441624.jpg,"{""friday"":""7:00 AM – 2:30 PM"",""monday"":""7:00 AM – 2:30 PM"",""sunday"":""8:30 AM – 3:00 PM"",""tuesday"":""7:00 AM – 2:30 PM"",""saturday"":""8:30 AM – 3:00 PM"",""thursday"":""7:00 AM – 2:30 PM"",""wednesday"":""7:00 AM – 2:30 PM""}",-35.2767202,149.1320621,2026-01-07T23:22:07.347Z,2026-01-08T00:18:58.760Z
1332,La Macina Resto Bar,Wanniassa,"33 Gartside St, Wanniassa ACT 2903, Australia",,(02) 6189 3699,,https://eatclub.com.au/venue/la-macina-resto-bar,,,,[object Object],,,http://static1.squarespace.com/static/665feefa3b8b132b132270de/t/684a378e039f375a8d7765ba/1749694350087/new+logo+transparent.png?format=1500w; https://eccdn.com.au/images/FB88C4F8-1565-41ED-9968-4214A92FFBEE/FB88C4F8-1565-41ED-9968-4214A92FFBEE_image_3_1762875370378.jpg; https://eatclub.com.au/_next/static/media/eatclub.305f8e86.svg; https://eccdn.com.au/images/FB88C4F8-1565-41ED-9968-4214A92FFBEE/FB88C4F8-1565-41ED-9968-4214A92FFBEE_image_4_1762875449333.jpg; https://eccdn.com.au/images/FB88C4F8-1565-41ED-9968-4214A92FFBEE/FB88C4F8-1565-41ED-9968-4214A92FFBEE_image_2_1762875370378.jpg; https://eccdn.com.au/images/FB88C4F8-1565-41ED-9968-4214A92FFBEE/FB88C4F8-1565-41ED-9968-4214A92FFBEE_image_0_1762875370378.jpg; https://eccdn.com.au/images/FB88C4F8-1565-41ED-9968-4214A92FFBEE/FB88C4F8-1565-41ED-9968-4214A92FFBEE_image_1_1762875370378.jpg,"{""friday"":""11:30 AM – 9:00 PM"",""monday"":""11:30 AM – 9:00 PM"",""sunday"":""11:30 AM – 9:00 PM"",""tuesday"":""11:30 AM – 9:00 PM"",""saturday"":""11:30 AM – 9:00 PM"",""thursday"":""11:30 AM – 9:00 PM"",""wednesday"":""11:30 AM – 9:00 PM""}",-35.4053781,149.1000950,2026-01-07T23:22:09.762Z,2026-01-08T00:19:04.458Z
1337,Indian Dining Club,Belconnen,"1/102 Emu Bank, Belconnen ACT 2617, Australia","Indian, Asian",0489 300 000,,https://eatclub.com.au/venue/indian-dining-club,,,,[object Object],,$$,https://eccdn.com.au/images/564413B2-E5B5-4CB3-8AE9-513F6BD1A51C/564413B2-E5B5-4CB3-8AE9-513F6BD1A51C_image_3_1761122134044.jpg; https://eatclub.com.au/_next/static/media/eatclub.305f8e86.svg; https://eccdn.com.au/images/564413B2-E5B5-4CB3-8AE9-513F6BD1A51C/564413B2-E5B5-4CB3-8AE9-513F6BD1A51C_image_4_1761145159791.jpg; https://eccdn.com.au/images/564413B2-E5B5-4CB3-8AE9-513F6BD1A51C/564413B2-E5B5-4CB3-8AE9-513F6BD1A51C_image_2_1761122134044.jpg; https://eccdn.com.au/images/564413B2-E5B5-4CB3-8AE9-513F6BD1A51C/564413B2-E5B5-4CB3-8AE9-513F6BD1A51C_image_0_1761122134044.jpg; https://eccdn.com.au/images/564413B2-E5B5-4CB3-8AE9-513F6BD1A51C/564413B2-E5B5-4CB3-8AE9-513F6BD1A51C_image_4_1761122167025.jpg,"{""friday"":""5:00 – 10:30 PM"",""monday"":""5:00 – 10:00 PM"",""sunday"":""12:00 – 3:00 PM, 5:00 – 10:00 PM"",""tuesday"":""5:00 – 10:00 PM"",""saturday"":""12:00 – 3:00 PM, 5:00 – 10:30 PM"",""thursday"":""5:00 – 10:00 PM"",""wednesday"":""5:00 – 10:00 PM""}",-35.2367974,149.0711837,2026-01-07T23:22:10.108Z,2026-01-08T00:19:06.083Z
1338,Grease Monkey Woden,Phillip,"3 Bradley St, Phillip ACT 2606, Australia",American,(02) 6103 3940,,https://eatclub.com.au/venue/grease-monkey-woden,,[object Object],[object Object]; [object Object]; [object Object]; [object Object],[object Object]; [object Object],,,https://eccdn.com.au/images/6AB35570-9517-49EE-823F-0BB552BE1102/6AB35570-9517-49EE-823F-0BB552BE1102_image_0_1761821411356.jpg; https://eatclub.com.au/_next/static/media/eatclub.305f8e86.svg; https://eccdn.com.au/images/6AB35570-9517-49EE-823F-0BB552BE1102/6AB35570-9517-49EE-823F-0BB552BE1102_image_4_1761843837890.jpg; https://eccdn.com.au/images/6AB35570-9517-49EE-823F-0BB552BE1102/6AB35570-9517-49EE-823F-0BB552BE1102_image_1_1761821411356.jpg; https://eccdn.com.au/images/6AB35570-9517-49EE-823F-0BB552BE1102/6AB35570-9517-49EE-823F-0BB552BE1102_image_3_1761821438046.jpg; https://eccdn.com.au/images/6AB35570-9517-49EE-823F-0BB552BE1102/6AB35570-9517-49EE-823F-0BB552BE1102_image_2_1761821438046.jpg,"{""friday"":""11:00 AM – 9:30 PM"",""monday"":""11:00 AM – 9:30 PM"",""sunday"":""11:00 AM – 9:30 PM"",""tuesday"":""11:00 AM – 9:30 PM"",""saturday"":""11:00 AM – 9:30 PM"",""thursday"":""11:00 AM – 9:30 PM"",""wednesday"":""11:00 AM – 9:30 PM""}",-35.3468433,149.0875247,2026-01-07T23:22:10.162Z,2026-01-08T00:58:00.988Z
1346,Dawat-e-Punjab Indian Restaurant,Holt,"123/68 Hardwick Cres, Holt ACT 2615, Australia","Indian, Asian",(02) 6278 4505,,https://eatclub.com.au/venue/dawat-e-punjab-indian-restaurant,,,,[object Object],,,https://assets.foodhub.com/images/thumbnails/curry_indian_tandoori_007_1280.jpg; https://eccdn.com.au/images/524AA377-8E96-4C82-AAEF-C592BF57604D/524AA377-8E96-4C82-AAEF-C592BF57604D_image_0_1761818311467.jpg; https://eatclub.com.au/_next/static/media/eatclub.305f8e86.svg; https://eccdn.com.au/images/524AA377-8E96-4C82-AAEF-C592BF57604D/524AA377-8E96-4C82-AAEF-C592BF57604D_image_4_1761818399890.jpg; https://eccdn.com.au/images/524AA377-8E96-4C82-AAEF-C592BF57604D/524AA377-8E96-4C82-AAEF-C592BF57604D_image_3_1761818590227.jpg; https://eccdn.com.au/images/524AA377-8E96-4C82-AAEF-C592BF57604D/524AA377-8E96-4C82-AAEF-C592BF57604D_image_4_1761818607266.jpg; https://eccdn.com.au/images/524AA377-8E96-4C82-AAEF-C592BF57604D/524AA377-8E96-4C82-AAEF-C592BF57604D_image_2_1761818335769.jpg,"{""friday"":""5:00 – 9:00 PM"",""monday"":""5:00 – 9:00 PM"",""sunday"":""5:00 – 9:00 PM"",""tuesday"":""5:00 – 9:00 PM"",""saturday"":""5:00 – 9:00 PM"",""thursday"":""5:00 – 9:00 PM"",""wednesday"":""5:00 – 9:00 PM""}",-35.2203995,149.0192026,2026-01-07T23:22:10.685Z,2026-01-08T00:19:11.889Z
1380,Chong Co Thai Belconnen,Belconnen,"Westfield Belconnen Shop, 327A Lathlain St, Belconnen ACT 2617, Australia",Asian,0426 624 644,,https://eatclub.com.au/venue/chong-co-thai-belconnen,,,,[object Object]; [object Object],,$$,https://eccdn.com.au/images/73B817B5-E004-4EC1-B74F-3D424CEA887F/73B817B5-E004-4EC1-B74F-3D424CEA887F_image_0_1761518817378.jpg; https://eatclub.com.au/_next/static/media/eatclub.305f8e86.svg; https://eccdn.com.au/images/73B817B5-E004-4EC1-B74F-3D424CEA887F/73B817B5-E004-4EC1-B74F-3D424CEA887F_image_4_1761518886629.jpg; https://eccdn.com.au/images/73B817B5-E004-4EC1-B74F-3D424CEA887F/73B817B5-E004-4EC1-B74F-3D424CEA887F_image_1_1761518817378.jpg; https://eccdn.com.au/images/73B817B5-E004-4EC1-B74F-3D424CEA887F/73B817B5-E004-4EC1-B74F-3D424CEA887F_image_2_1761518817378.jpg; https://eccdn.com.au/images/73B817B5-E004-4EC1-B74F-3D424CEA887F/73B817B5-E004-4EC1-B74F-3D424CEA887F_image_3_1761518817378.jpg,"{""friday"":""11:30 AM – 3:00 PM, 5:00 – 10:00 PM"",""monday"":""11:30 AM – 3:00 PM, 5:00 – 9:00 PM"",""sunday"":""11:30 AM – 3:00 PM, 5:00 – 9:00 PM"",""tuesday"":""11:30 AM – 3:00 PM, 5:00 – 9:00 PM"",""saturday"":""11:30 AM – 3:00 PM, 5:00 – 10:00 PM"",""thursday"":""11:30 AM – 3:00 PM, 5:00 – 9:00 PM"",""wednesday"":""11:30 AM – 3:00 PM, 5:00 – 9:00 PM""}",-35.2376359,149.0632185,2026-01-07T23:22:12.932Z,2026-01-08T00:19:13.475Z
80,Spice Route,Torrens,"SHOP 3A/12-14 Torrens Pl, Torrens ACT 2607, Australia",,(02) 6210 8749,,https://eatclub.com.au/venue/spice-route,,,,[object Object],,,https://eccdn.com.au/images/E172A26A-B9C2-4DEC-A619-EA8287D8ADB3/E172A26A-B9C2-4DEC-A619-EA8287D8ADB3_image_0_1764272405876.jpg; https://eatclub.com.au/_next/static/media/eatclub.305f8e86.svg; https://eccdn.com.au/images/E172A26A-B9C2-4DEC-A619-EA8287D8ADB3/E172A26A-B9C2-4DEC-A619-EA8287D8ADB3_image_4_1764272421902.jpg; https://eccdn.com.au/images/E172A26A-B9C2-4DEC-A619-EA8287D8ADB3/E172A26A-B9C2-4DEC-A619-EA8287D8ADB3_image_1_1764272405876.jpg; https://eccdn.com.au/images/E172A26A-B9C2-4DEC-A619-EA8287D8ADB3/E172A26A-B9C2-4DEC-A619-EA8287D8ADB3_image_2_1764272405876.jpg; https://eccdn.com.au/images/E172A26A-B9C2-4DEC-A619-EA8287D8ADB3/E172A26A-B9C2-4DEC-A619-EA8287D8ADB3_image_3_1764272405876.jpg,"{""friday"":""5:00 – 9:30 PM"",""monday"":""CLOSED"",""sunday"":""5:00 – 9:00 PM"",""tuesday"":""5:00 – 9:00 PM"",""saturday"":""5:00 – 9:30 PM"",""thursday"":""5:00 – 9:00 PM"",""wednesday"":""5:00 – 9:00 PM""}",-35.3729262,149.0870982,2026-01-07T23:20:53.143Z,2026-01-08T00:19:18.370Z
207,Midnight Bar,Braddon,"Midnight Hotel, Ground Floor/1 Elouera St, Braddon ACT 2612, Australia",,(02) 6220 0402,,https://eatclub.com.au/venue/midnight-bar,,[object Object],,[object Object],,,https://eccdn.com.au/images/8F2DB50D-11A3-4848-A728-9B5ABBAD8A81/8F2DB50D-11A3-4848-A728-9B5ABBAD8A81_image_2_1724944519302.jpg; https://eatclub.com.au/_next/static/media/eatclub.305f8e86.svg; https://eccdn.com.au/images/8F2DB50D-11A3-4848-A728-9B5ABBAD8A81/8F2DB50D-11A3-4848-A728-9B5ABBAD8A81_image_3_1724944519302.jpg; https://eccdn.com.au/images/8F2DB50D-11A3-4848-A728-9B5ABBAD8A81/8F2DB50D-11A3-4848-A728-9B5ABBAD8A81_image_0_1724944519302.jpg; https://eccdn.com.au/images/8F2DB50D-11A3-4848-A728-9B5ABBAD8A81/8F2DB50D-11A3-4848-A728-9B5ABBAD8A81_image_4_1724944552481.jpg; https://eccdn.com.au/images/8F2DB50D-11A3-4848-A728-9B5ABBAD8A81/8F2DB50D-11A3-4848-A728-9B5ABBAD8A81_image_1_1724944519302.jpg,"{""friday"":""3:00 – 10:00 PM"",""monday"":""3:00 – 10:00 PM"",""sunday"":""3:00 – 10:00 PM"",""tuesday"":""3:00 – 10:00 PM"",""saturday"":""3:00 – 10:00 PM"",""thursday"":""3:00 – 10:00 PM"",""wednesday"":""3:00 – 10:00 PM""}",-35.2727818,149.1306689,2026-01-07T23:21:00.797Z,2026-01-08T00:19:19.939Z
338,Le Monsoon,Phillip,"G02/45 Furzer St, Phillip ACT 2606, Australia",,0461 338 414,,https://eatclub.com.au/venue/le-monsoon,,,,[object Object],,,https://eccdn.com.au/images/71344B6A-7E79-45C8-AF37-662E85B24BBF/71344B6A-7E79-45C8-AF37-662E85B24BBF_image_0_1763458348172.jpg; https://eatclub.com.au/_next/static/media/eatclub.305f8e86.svg; https://eccdn.com.au/images/71344B6A-7E79-45C8-AF37-662E85B24BBF/71344B6A-7E79-45C8-AF37-662E85B24BBF_image_1_1763458457212.jpg; https://eccdn.com.au/images/71344B6A-7E79-45C8-AF37-662E85B24BBF/71344B6A-7E79-45C8-AF37-662E85B24BBF_image_2_1763458922020.jpg; https://eccdn.com.au/images/71344B6A-7E79-45C8-AF37-662E85B24BBF/71344B6A-7E79-45C8-AF37-662E85B24BBF_image_4_1763459090838.jpg; https://eccdn.com.au/images/71344B6A-7E79-45C8-AF37-662E85B24BBF/71344B6A-7E79-45C8-AF37-662E85B24BBF_image_4_1763459057661.jpg,"{""friday"":""12:00 – 2:00 PM, 5:30 – 8:45 PM"",""monday"":""CLOSED"",""sunday"":""12:00 – 2:00 PM, 5:30 – 8:45 PM"",""tuesday"":""12:00 – 2:00 PM, 5:30 – 8:45 PM"",""saturday"":""12:00 – 2:00 PM, 5:30 – 8:45 PM"",""thursday"":""12:00 – 2:00 PM, 5:30 – 8:45 PM"",""wednesday"":""12:00 – 2:00 PM, 5:30 – 8:45 PM""}",-35.3438271,149.0847114,2026-01-07T23:21:08.613Z,2026-01-08T00:19:21.455Z
850,BZ Burger Belconnen,Belconnen,"Unit C04/6 Grazier La, Belconnen ACT 2617, Australia",American,0417 783 292,,https://eatclub.com.au/venue/bz-burger-belconnen,,,[object Object],[object Object]; [object Object],,,https://eccdn.com.au/images/1E1DACF8-E5F9-4079-91B3-C67400976502/1E1DACF8-E5F9-4079-91B3-C67400976502_image_3_1761273081409.jpg; https://eatclub.com.au/_next/static/media/eatclub.305f8e86.svg; https://eccdn.com.au/images/1E1DACF8-E5F9-4079-91B3-C67400976502/1E1DACF8-E5F9-4079-91B3-C67400976502_image_3_1761273028264.jpg; https://eccdn.com.au/images/1E1DACF8-E5F9-4079-91B3-C67400976502/1E1DACF8-E5F9-4079-91B3-C67400976502_image_4_1761273110283.jpg; https://eccdn.com.au/images/1E1DACF8-E5F9-4079-91B3-C67400976502/1E1DACF8-E5F9-4079-91B3-C67400976502_image_4_1761273164555.jpg; https://eccdn.com.au/images/1E1DACF8-E5F9-4079-91B3-C67400976502/1E1DACF8-E5F9-4079-91B3-C67400976502_image_1_1761272999496.jpg,"{""friday"":""9:30 AM – 9:00 PM"",""monday"":""9:30 AM – 8:30 PM"",""sunday"":""10:00 AM – 9:00 PM"",""tuesday"":""9:30 AM – 8:30 PM"",""saturday"":""10:00 AM – 9:00 PM"",""thursday"":""9:30 AM – 8:30 PM"",""wednesday"":""9:30 AM – 8:30 PM""}",-35.2401092,149.0722978,2026-01-07T23:21:39.494Z,2026-01-08T00:19:27.296Z
945,Lion City Singaporean Restaurant,Franklin,"shop 87/275 Flemington Rd, Franklin ACT 2913, Australia",Asian,(02) 6156 1273,,https://eatclub.com.au/venue/lion-city-singaporean-restaurant,,,,[object Object],,$,https://eccdn.com.au/images/C54966A9-6E25-4304-9CB7-FEC0F7F5E941/C54966A9-6E25-4304-9CB7-FEC0F7F5E941_image_1_1763507278695.jpg; https://eatclub.com.au/_next/static/media/eatclub.305f8e86.svg; https://eccdn.com.au/images/C54966A9-6E25-4304-9CB7-FEC0F7F5E941/C54966A9-6E25-4304-9CB7-FEC0F7F5E941_image_4_1763457730197.jpg; https://eccdn.com.au/images/C54966A9-6E25-4304-9CB7-FEC0F7F5E941/C54966A9-6E25-4304-9CB7-FEC0F7F5E941_image_2_1763507278695.jpg; https://eccdn.com.au/images/C54966A9-6E25-4304-9CB7-FEC0F7F5E941/C54966A9-6E25-4304-9CB7-FEC0F7F5E941_image_3_1763507278695.jpg; https://eccdn.com.au/images/C54966A9-6E25-4304-9CB7-FEC0F7F5E941/C54966A9-6E25-4304-9CB7-FEC0F7F5E941_image_4_1763507278695.jpg,"{""friday"":""11:30 AM – 2:30 PM, 5:00 – 9:00 PM"",""monday"":""CLOSED"",""sunday"":""11:30 AM – 2:30 PM, 5:00 – 9:00 PM"",""tuesday"":""11:30 AM – 2:30 PM, 5:00 – 9:00 PM"",""saturday"":""11:30 AM – 2:30 PM, 5:00 – 9:00 PM"",""thursday"":""11:30 AM – 2:30 PM, 5:00 – 9:00 PM"",""wednesday"":""11:30 AM – 2:30 PM, 5:00 – 9:00 PM""}",-35.1930851,149.1504567,2026-01-07T23:21:45.463Z,2026-01-08T00:19:30.529Z
1191,Fav Cup Cafe,Canberra,"The Capital, G09/39 London Cct, Canberra ACT 2601, Australia",Cafe,0479 144 642,,https://eatclub.com.au/venue/fav-cup-cafe,,,,[object Object],,,https://eccdn.com.au/images/02AD26E6-D34B-4664-AECF-174CED71340D/02AD26E6-D34B-4664-AECF-174CED71340D_image_0_1761520494490.jpg; https://eatclub.com.au/_next/static/media/eatclub.305f8e86.svg; https://eccdn.com.au/images/02AD26E6-D34B-4664-AECF-174CED71340D/02AD26E6-D34B-4664-AECF-174CED71340D_image_3_1761520494490.jpg; https://eccdn.com.au/images/02AD26E6-D34B-4664-AECF-174CED71340D/02AD26E6-D34B-4664-AECF-174CED71340D_image_1_1761520494490.jpg; https://eccdn.com.au/images/02AD26E6-D34B-4664-AECF-174CED71340D/02AD26E6-D34B-4664-AECF-174CED71340D_image_4_1761520509430.jpg; https://eccdn.com.au/images/02AD26E6-D34B-4664-AECF-174CED71340D/02AD26E6-D34B-4664-AECF-174CED71340D_image_2_1761520494490.jpg,"{""friday"":""7:00 AM – 3:00 PM"",""monday"":""7:00 AM – 3:00 PM"",""sunday"":""8:00 AM – 2:00 PM"",""tuesday"":""7:00 AM – 3:00 PM"",""saturday"":""8:00 AM – 2:00 PM"",""thursday"":""7:00 AM – 3:00 PM"",""wednesday"":""7:00 AM – 3:00 PM""}",-35.2797451,149.1267254,2026-01-07T23:22:00.776Z,2026-01-08T00:19:37.547Z
1224,Urban Fresh Sushi Tuggeranong,Greenway,"Shop7 Home World, 150 Soward Way, Greenway ACT 2900, Australia","Japanese, Asian",(02) 6293 3807,,https://eatclub.com.au/venue/urban-fresh-sushi-tuggeranong,,,,[object Object]; [object Object],,$,https://eccdn.com.au/images/36E4E6E1-3499-4CFC-A791-E690AA86FB67/36E4E6E1-3499-4CFC-A791-E690AA86FB67_image_0_1764203418889.jpg; https://eatclub.com.au/_next/static/media/eatclub.305f8e86.svg; https://eccdn.com.au/images/36E4E6E1-3499-4CFC-A791-E690AA86FB67/36E4E6E1-3499-4CFC-A791-E690AA86FB67_image_4_1764203732508.jpg; https://eccdn.com.au/images/36E4E6E1-3499-4CFC-A791-E690AA86FB67/36E4E6E1-3499-4CFC-A791-E690AA86FB67_image_1_1764203418889.jpg; https://eccdn.com.au/images/36E4E6E1-3499-4CFC-A791-E690AA86FB67/36E4E6E1-3499-4CFC-A791-E690AA86FB67_image_2_1764203418889.jpg; https://eccdn.com.au/images/36E4E6E1-3499-4CFC-A791-E690AA86FB67/36E4E6E1-3499-4CFC-A791-E690AA86FB67_image_3_1764203418889.jpg,"{""friday"":""11:00 AM – 9:00 PM"",""monday"":""11:00 AM – 8:30 PM"",""sunday"":""11:00 AM – 7:00 PM"",""tuesday"":""11:00 AM – 8:30 PM"",""saturday"":""11:00 AM – 9:00 PM"",""thursday"":""11:00 AM – 9:00 PM"",""wednesday"":""11:00 AM – 8:30 PM""}",-35.4174196,149.0684357,2026-01-07T23:22:02.857Z,2026-01-08T00:19:39.168Z
562,EQ Cafe & Bakehouse - Civic,Canberra,,,,,https://eatclub.com.au/venue/eq-cafe-bakehouse-civic,,,,[object Object],,,https://acthomes.com.au/wp-content/uploads/2024/05/EQ-Cafe-Northbourne-Ave-City-005.jpg,{},,,2026-01-07T23:21:22.084Z,2026-01-08T00:26:38.068Z
1043,Belluci's Manuka,Griffith,"Franklin St &, Furneaux St, Griffith ACT 2603, Australia",,(02) 6239 7424,,https://eatclub.com.au/venue/belluci-s-manuka,,,,[object Object],,$$$,,"{""friday"":""12:00 – 2:00 PM, 5:30 – 9:00 PM"",""monday"":""12:00 – 2:00 PM, 5:30 – 9:00 PM"",""sunday"":""12:00 – 2:00 PM, 5:30 – 9:00 PM"",""tuesday"":""12:00 – 2:00 PM, 5:30 – 9:00 PM"",""saturday"":""5:30 – 9:00 PM"",""thursday"":""12:00 – 2:00 PM, 5:30 – 9:00 PM"",""wednesday"":""12:00 – 2:00 PM, 5:30 – 9:00 PM""}",-35.3196219,149.1324215,2026-01-07T23:21:51.343Z,2026-01-08T00:50:53.186Z